Code géographique 1991;Nom de la municipalité;Population estimée;Latitude;Longitude
1023;Les Îles-de-la-Madeleine;12 086;"47° 22' 34"" N";"61° 52' 05"" O"
1042;Grosse-Île;465;"47° 37' 08"" N";"61° 30' 57"" O"
2005;Percé;3 037;"48° 31' 27"" N";"64° 12' 43"" O"
2010;Sainte-Thérèse-de-Gaspé;1 008;"48° 24' 56"" N";"64° 23' 54"" O"
2015;Grande-Rivière;3 451;"48° 24' 03"" N";"64° 29' 47"" O"
2028;Chandler;7 465;"48° 20' 55"" N";"64° 40' 42"" O"
2047;Port-Daniel--Gascons;2 243;"48° 10' 46"" N";"64° 58' 14"" O"
2902;Mont-Alexandre;0;"48° 32' 21"" N";"64° 56' 34"" O"
3005;Gaspé;14 981;"48° 49' 29"" N";"64° 28' 34"" O"
3010;Cloridorme;656;"49° 10' 51"" N";"64° 50' 59"" O"
3015;Petite-Vallée;167;"49° 13' 07"" N";"65° 02' 05"" O"
3020;Grande-Vallée;1 082;"49° 13' 34"" N";"65° 07' 27"" O"
3025;Murdochville;642;"48° 57' 37"" N";"65° 29' 49"" O"
3902;Rivière-Saint-Jean;0;"48° 53' 06"" N";"65° 02' 04"" O"
3904;Collines-du-Basque;0;"48° 57' 07"" N";"65° 16' 23"" O"
4005;Sainte-Madeleine-de-la-Rivière-Madeleine;291;"49° 14' 54"" N";"65° 21' 11"" O"
4010;Saint-Maxime-du-Mont-Louis;1 106;"49° 13' 44"" N";"65° 43' 53"" O"
4015;Mont-Saint-Pierre;159;"49° 13' 23"" N";"65° 47' 60"" O"
4020;Rivière-à-Claude;125;"49° 13' 06"" N";"65° 53' 42"" O"
4025;Marsoui;273;"49° 12' 54"" N";"66° 04' 01"" O"
4030;La Martre;225;"49° 12' 20"" N";"66° 10' 14"" O"
4037;Sainte-Anne-des-Monts;6 368;"49° 07' 47"" N";"66° 29' 15"" O"
4047;Cap-Chat;2 376;"49° 05' 48"" N";"66° 41' 16"" O"
4902;Mont-Albert;183;"48° 52' 51"" N";"65° 56' 04"" O"
4904;Coulée-des-Adolphe;0;"48° 57' 45"" N";"66° 37' 58"" O"
5010;Shigawake;273;"48° 05' 48"" N";"65° 04' 07"" O"
5015;Saint-Godefroi;346;"48° 04' 33"" N";"65° 06' 47"" O"
5020;Hope Town;358;"48° 03' 01"" N";"65° 09' 30"" O"
5025;Hope;578;"48° 02' 12"" N";"65° 12' 14"" O"
5032;Paspébiac;3 145;"48° 01' 46"" N";"65° 14' 55"" O"
5040;New Carlisle;1 393;"48° 00' 34"" N";"65° 19' 41"" O"
5045;Bonaventure;2 720;"48° 02' 57"" N";"65° 29' 28"" O"
5050;Saint-Elzéar;443;"48° 09' 35"" N";"65° 23' 36"" O"
5055;Saint-Siméon;1 148;"48° 04' 18"" N";"65° 34' 17"" O"
5060;Caplan;2 023;"48° 06' 07"" N";"65° 40' 45"" O"
5065;Saint-Alphonse;692;"48° 11' 15"" N";"65° 37' 26"" O"
5070;New Richmond;3 703;"48° 09' 44"" N";"65° 51' 41"" O"
5077;Cascapédia--Saint-Jules;727;"48° 15' 11"" N";"65° 55' 20"" O"
5902;Rivière-Bonaventure;35;"48° 25' 41"" N";"65° 37' 31"" O"
6005;Maria;2 656;"48° 10' 39"" N";"65° 58' 49"" O"
6013;Carleton-sur-Mer;4 025;"48° 06' 06"" N";"66° 07' 19"" O"
6020;Nouvelle;1 677;"48° 08' 19"" N";"66° 18' 47"" O"
6025;Escuminac;532;"48° 04' 49"" N";"66° 32' 18"" O"
6030;Pointe-à-la-Croix;1 375;"48° 01' 37"" N";"66° 41' 59"" O"
6035;Ristigouche-Partie-Sud-Est;169;"48° 00' 34"" N";"66° 46' 11"" O"
6040;Saint-André-de-Restigouche;159;"48° 03' 46"" N";"66° 56' 56"" O"
6045;Matapédia;636;"47° 58' 29"" N";"66° 56' 27"" O"
6050;Saint-Alexis-de-Matapédia;499;"47° 58' 08"" N";"67° 03' 06"" O"
6055;Saint-François-d'Assise;644;"47° 58' 57"" N";"67° 09' 26"" O"
6060;L'Ascension-de-Patapédia;162;"47° 55' 57"" N";"67° 14' 60"" O"
6802;Gesgapegiag;665;"48° 11' 57"" N";"65° 55' 07"" O"
6804;Listuguj;1 537;"48° 00' 47"" N";"66° 42' 19"" O"
6902;Rivière-Nouvelle;0;"48° 19' 00"" N";"66° 34' 29"" O"
6904;Ruisseau-Ferguson;0;"48° 01' 31"" N";"67° 27' 01"" O"
7005;Sainte-Marguerite-Marie;167;"48° 19' 06"" N";"67° 04' 56"" O"
7010;Sainte-Florence;376;"48° 15' 50"" N";"67° 14' 12"" O"
7018;Causapscal;2 300;"48° 21' 17"" N";"67° 13' 19"" O"
7025;Albertville;222;"48° 19' 34"" N";"67° 21' 30"" O"
7030;Saint-Léon-le-Grand;948;"48° 22' 48"" N";"67° 30' 22"" O"
7035;Saint-Zénon-du-Lac-Humqui;353;"48° 18' 18"" N";"67° 34' 45"" O"
7040;Sainte-Irène;318;"48° 26' 08"" N";"67° 35' 44"" O"
7047;Amqui;6 093;"48° 27' 43"" N";"67° 25' 56"" O"
7057;Lac-au-Saumon;1 393;"48° 25' 14"" N";"67° 20' 43"" O"
7065;Saint-Alexandre-des-Lacs;283;"48° 28' 34"" N";"67° 18' 20"" O"
7070;Saint-Tharcisius;425;"48° 32' 47"" N";"67° 20' 26"" O"
7075;Saint-Vianney;419;"48° 37' 03"" N";"67° 24' 42"" O"
7080;Val-Brillant;896;"48° 32' 02"" N";"67° 32' 54"" O"
7085;Sayabec;1 782;"48° 33' 55"" N";"67° 41' 06"" O"
7090;Saint-Cléophas;335;"48° 29' 34"" N";"67° 44' 36"" O"
7095;Saint-Moïse;554;"48° 33' 04"" N";"67° 51' 05"" O"
7100;Saint-Noël;411;"48° 35' 02"" N";"67° 50' 05"" O"
7105;Saint-Damase;349;"48° 39' 40"" N";"67° 49' 36"" O"
7902;Routhierville;16;"48° 10' 05"" N";"67° 06' 53"" O"
7904;Rivière-Vaseuse;0;"48° 13' 27"" N";"67° 28' 39"" O"
7906;Rivière-Patapédia-Est;0;"48° 08' 27"" N";"67° 38' 45"" O"
7908;Lac-Casault;0;"48° 29' 06"" N";"66° 38' 33"" O"
7910;Ruisseau-des-Mineurs;0;"48° 36' 54"" N";"66° 41' 55"" O"
7912;Lac-Alfred;0;"48° 23' 12"" N";"67° 44' 32"" O"
7914;Lac-Matapédia;7;"48° 34' 19"" N";"67° 30' 54"" O"
8005;Les Méchins;965;"48° 59' 52"" N";"66° 58' 49"" O"
8010;Saint-Jean-de-Cherbourg;165;"48° 51' 31"" N";"67° 06' 41"" O"
8015;Grosses-Roches;387;"48° 56' 23"" N";"67° 10' 25"" O"
8023;Sainte-Félicité;1 099;"48° 53' 55"" N";"67° 20' 02"" O"
8030;Saint-Adelme;517;"48° 49' 27"" N";"67° 19' 14"" O"
8035;Saint-René-de-Matane;969;"48° 42' 18"" N";"67° 23' 08"" O"
8040;Sainte-Paule;242;"48° 39' 35"" N";"67° 33' 27"" O"
8053;Matane;14 164;"48° 50' 36"" N";"67° 31' 50"" O"
8065;Saint-Léandre;380;"48° 43' 51"" N";"67° 36' 21"" O"
8073;Saint-Ulric;1 551;"48° 47' 15"" N";"67° 41' 57"" O"
8080;Baie-des-Sables;630;"48° 43' 15"" N";"67° 53' 38"" O"
8902;Rivière-Bonjour;0;"48° 44' 50"" N";"66° 43' 25"" O"
9005;La Rédemption;437;"48° 26' 40"" N";"67° 52' 40"" O"
9010;Saint-Charles-Garnier;238;"48° 20' 28"" N";"68° 02' 40"" O"
9015;Les Hauteurs;484;"48° 22' 41"" N";"68° 06' 49"" O"
9020;Sainte-Jeanne-d'Arc;280;"48° 29' 37"" N";"67° 57' 23"" O"
9025;Saint-Gabriel-de-Rimouski;1 134;"48° 25' 53"" N";"68° 09' 50"" O"
9030;Saint-Donat;848;"48° 29' 44"" N";"68° 14' 39"" O"
9035;Sainte-Angèle-de-Mérici;937;"48° 31' 36"" N";"68° 04' 60"" O"
9040;Padoue;240;"48° 34' 45"" N";"67° 59' 17"" O"
9048;Métis-sur-Mer;555;"48° 41' 01"" N";"67° 57' 49"" O"
9055;Saint-Octave-de-Métis;505;"48° 36' 01"" N";"68° 04' 49"" O"
9060;Grand-Métis;211;"48° 36' 57"" N";"68° 06' 31"" O"
9065;Price;1 750;"48° 36' 07"" N";"68° 07' 23"" O"
9070;Saint-Joseph-de-Lepage;541;"48° 34' 37"" N";"68° 10' 05"" O"
9077;Mont-Joli;6 199;"48° 35' 07"" N";"68° 11' 21"" O"
9085;Sainte-Flavie;885;"48° 36' 38"" N";"68° 13' 39"" O"
9092;Sainte-Luce;2 805;"48° 32' 47"" N";"68° 23' 40"" O"
9902;Lac-des-Eaux-Mortes;0;"48° 10' 20"" N";"67° 54' 02"" O"
9904;Lac-à-la-Croix;0;"48° 17' 20"" N";"67° 46' 09"" O"
10005;Esprit-Saint;331;"48° 04' 02"" N";"68° 33' 46"" O"
10010;La Trinité-des-Monts;227;"48° 07' 40"" N";"68° 28' 29"" O"
10015;Saint-Narcisse-de-Rimouski;983;"48° 17' 08"" N";"68° 26' 19"" O"
10025;Saint-Marcellin;341;"48° 20' 07"" N";"68° 17' 32"" O"
10030;Saint-Anaclet-de-Lessard;3 065;"48° 28' 20"" N";"68° 26' 05"" O"
10043;Rimouski;49 163;"48° 26' 57"" N";"68° 31' 30"" O"
10060;Saint-Valérien;836;"48° 20' 19"" N";"68° 39' 25"" O"
10070;Saint-Fabien;1 788;"48° 17' 39"" N";"68° 52' 01"" O"
10075;Saint-Eugène-de-Ladrière;389;"48° 14' 52"" N";"68° 48' 03"" O"
10902;Lac-Huron;10;"48° 04' 51"" N";"68° 13' 19"" O"
11005;Saint-Clément;466;"47° 55' 25"" N";"69° 05' 50"" O"
11010;Saint-Jean-de-Dieu;1 605;"48° 00' 04"" N";"69° 02' 48"" O"
11015;Sainte-Rita;303;"47° 56' 54"" N";"68° 54' 45"" O"
11020;Saint-Guy;53;"48° 02' 07"" N";"68° 47' 09"" O"
11025;Saint-Médard;202;"48° 02' 50"" N";"68° 53' 56"" O"
11030;Sainte-Françoise;388;"48° 05' 43"" N";"69° 04' 04"" O"
11035;Saint-Éloi;288;"48° 02' 13"" N";"69° 13' 41"" O"
11040;Trois-Pistoles;3 207;"48° 07' 32"" N";"69° 10' 31"" O"
11045;Notre-Dame-des-Neiges;1 058;"48° 06' 51"" N";"69° 09' 26"" O"
11050;Saint-Mathieu-de-Rioux;660;"48° 11' 02"" N";"68° 59' 05"" O"
11055;Saint-Simon;421;"48° 12' 07"" N";"69° 02' 37"" O"
11902;Lac-Boisbouscache;0;"48° 07' 40"" N";"68° 53' 02"" O"
12005;Saint-Cyprien;1 063;"47° 53' 44"" N";"69° 01' 27"" O"
12010;Saint-Hubert-de-Rivière-du-Loup;1 337;"47° 48' 57"" N";"69° 08' 52"" O"
12015;Saint-Antonin;4 197;"47° 45' 52"" N";"69° 28' 32"" O"
12020;Saint-Modeste;1 157;"47° 49' 50"" N";"69° 24' 15"" O"
12025;Saint-François-Xavier-de-Viger;249;"47° 51' 23"" N";"69° 14' 43"" O"
12030;Saint-Épiphane;830;"47° 53' 45"" N";"69° 19' 45"" O"
12035;Saint-Paul-de-la-Croix;300;"47° 57' 12"" N";"69° 11' 39"" O"
12043;L'Isle-Verte;1 283;"48° 00' 55"" N";"69° 20' 05"" O"
12045;Notre-Dame-des-Sept-Douleurs;36;"48° 00' 35"" N";"69° 27' 19"" O"
12057;Cacouna;1 819;"47° 54' 59"" N";"69° 29' 59"" O"
12065;Saint-Arsène;1 226;"47° 54' 48"" N";"69° 26' 02"" O"
12072;Rivière-du-Loup;19 917;"47° 50' 10"" N";"69° 32' 12"" O"
12080;Notre-Dame-du-Portage;1 132;"47° 45' 56"" N";"69° 36' 35"" O"
12802;Whitworth;0;"47° 42' 05"" N";"69° 16' 27"" O"
12804;Cacouna;0;"47° 55' 05"" N";"69° 30' 27"" O"
13005;Dégelis;2 846;"47° 32' 53"" N";"68° 38' 49"" O"
13010;Saint-Jean-de-la-Lande;241;"47° 25' 35"" N";"68° 40' 52"" O"
13015;Packington;609;"47° 29' 26"" N";"68° 47' 11"" O"
13020;Saint-Marc-du-Lac-Long;392;"47° 23' 19"" N";"68° 53' 42"" O"
13025;Rivière-Bleue;1 202;"47° 26' 10"" N";"69° 02' 35"" O"
13030;Saint-Eusèbe;580;"47° 32' 37"" N";"68° 54' 48"" O"
13040;Saint-Juste-du-Lac;567;"47° 39' 14"" N";"68° 45' 15"" O"
13045;Auclair;449;"47° 43' 43"" N";"68° 38' 38"" O"
13050;Lejeune;270;"47° 46' 08"" N";"68° 34' 28"" O"
13055;Biencourt;449;"47° 56' 16"" N";"68° 36' 25"" O"
13060;Lac-des-Aigles;513;"47° 59' 20"" N";"68° 40' 39"" O"
13065;Saint-Michel-du-Squatec;1 070;"47° 52' 52"" N";"68° 43' 11"" O"
13073;Témiscouata-sur-le-Lac;4 866;"47° 40' 60"" N";"68° 52' 60"" O"
13075;Saint-Pierre-de-Lamy;109;"47° 47' 02"" N";"69° 02' 03"" O"
13080;Saint-Louis-du-Ha! Ha!;1 255;"47° 40' 13"" N";"68° 58' 54"" O"
13085;Saint-Elzéar-de-Témiscouata;332;"47° 35' 30"" N";"69° 05' 37"" O"
13090;Saint-Honoré-de-Témiscouata;743;"47° 42' 31"" N";"69° 08' 09"" O"
13095;Pohénégamook;2 520;"47° 27' 24"" N";"69° 14' 26"" O"
13100;Saint-Athanase;302;"47° 26' 21"" N";"69° 24' 55"" O"
14005;Mont-Carmel;1 136;"47° 26' 30"" N";"69° 51' 19"" O"
14010;Saint-Bruno-de-Kamouraska;537;"47° 27' 24"" N";"69° 45' 14"" O"
14018;Saint-Pascal;3 457;"47° 31' 42"" N";"69° 48' 27"" O"
14025;Sainte-Hélène-de-Kamouraska;904;"47° 35' 21"" N";"69° 43' 47"" O"
14030;Saint-Joseph-de-Kamouraska;391;"47° 36' 38"" N";"69° 38' 32"" O"
14035;Saint-Alexandre-de-Kamouraska;2 154;"47° 40' 46"" N";"69° 37' 11"" O"
14040;Saint-André;677;"47° 40' 25"" N";"69° 43' 40"" O"
14045;Saint-Germain;283;"47° 35' 16"" N";"69° 47' 54"" O"
14050;Kamouraska;602;"47° 33' 57"" N";"69° 52' 06"" O"
14055;Saint-Denis-De La Bouteillerie;516;"47° 30' 06"" N";"69° 56' 09"" O"
14060;Saint-Philippe-de-Néri;814;"47° 28' 01"" N";"69° 53' 12"" O"
14065;Rivière-Ouelle;973;"47° 26' 03"" N";"70° 00' 57"" O"
14070;Saint-Pacôme;1 548;"47° 24' 33"" N";"69° 56' 45"" O"
14075;Saint-Gabriel-Lalemant;712;"47° 22' 57"" N";"69° 55' 43"" O"
14080;Saint-Onésime-d'Ixworth;559;"47° 19' 37"" N";"69° 58' 55"" O"
14085;La Pocatière;4 080;"47° 22' 13"" N";"70° 01' 58"" O"
14090;Sainte-Anne-de-la-Pocatière;1 621;"47° 20' 31"" N";"70° 02' 10"" O"
14902;Picard;10;"47° 34' 56"" N";"69° 28' 41"" O"
14904;Petit-Lac-Sainte-Anne;0;"47° 10' 32"" N";"69° 43' 22"" O"
15005;Saint-Irénée;670;"47° 34' 16"" N";"70° 12' 26"" O"
15013;La Malbaie;8 118;"47° 39' 08"" N";"70° 08' 56"" O"
15025;Notre-Dame-des-Monts;805;"47° 40' 01"" N";"70° 22' 40"" O"
15030;Saint-Aimé-des-Lacs;1 101;"47° 40' 57"" N";"70° 18' 32"" O"
15035;Clermont;3 096;"47° 41' 40"" N";"70° 13' 32"" O"
15058;Saint-Siméon;1 183;"47° 50' 14"" N";"69° 52' 55"" O"
15065;Baie-Sainte-Catherine;200;"48° 06' 11"" N";"69° 43' 34"" O"
15902;Mont-Élie;63;"47° 52' 11"" N";"70° 17' 10"" O"
15904;Sagard;130;"48° 03' 05"" N";"70° 06' 40"" O"
16005;Petite-Rivière-Saint-François;845;"47° 18' 04"" N";"70° 34' 07"" O"
16013;Baie-Saint-Paul;7 146;"47° 26' 26"" N";"70° 30' 34"" O"
16023;L'Isle-aux-Coudres;1 096;"47° 25' 13"" N";"70° 23' 07"" O"
16048;Les Éboulements;1 313;"47° 28' 45"" N";"70° 19' 03"" O"
16050;Saint-Hilarion;1 109;"47° 34' 42"" N";"70° 24' 08"" O"
16055;Saint-Urbain;1 387;"47° 33' 26"" N";"70° 32' 26"" O"
16902;Lac-Pikauba;0;"47° 45' 23"" N";"70° 56' 10"" O"
17005;Saint-Omer;279;"47° 03' 33"" N";"69° 43' 44"" O"
17010;Saint-Pamphile;2 375;"46° 57' 39"" N";"69° 46' 38"" O"
17015;Saint-Adalbert;497;"46° 51' 56"" N";"69° 53' 59"" O"
17020;Saint-Marcel;422;"46° 53' 53"" N";"70° 03' 42"" O"
17025;Sainte-Félicité;380;"46° 58' 01"" N";"69° 56' 57"" O"
17030;Sainte-Perpétue;1 609;"47° 03' 21"" N";"69° 55' 33"" O"
17035;Tourville;575;"47° 05' 42"" N";"69° 58' 55"" O"
17040;Saint-Damase-de-L'Islet;545;"47° 11' 47"" N";"70° 07' 41"" O"
17045;Saint-Cyrille-de-Lessard;715;"47° 02' 07"" N";"70° 16' 21"" O"
17055;Saint-Aubert;1 466;"47° 10' 40"" N";"70° 13' 02"" O"
17060;Sainte-Louise;682;"47° 16' 57"" N";"70° 07' 43"" O"
17065;Saint-Roch-des-Aulnaies;917;"47° 18' 29"" N";"70° 10' 21"" O"
17070;Saint-Jean-Port-Joli;3 386;"47° 12' 60"" N";"70° 16' 12"" O"
17078;L'Islet;3 811;"47° 06' 13"" N";"70° 21' 07"" O"
18005;Saint-Just-de-Bretenières;660;"46° 34' 12"" N";"70° 05' 20"" O"
18010;Lac-Frontière;179;"46° 41' 44"" N";"70° 00' 11"" O"
18015;Saint-Fabien-de-Panet;945;"46° 39' 21"" N";"70° 08' 48"" O"
18020;Sainte-Lucie-de-Beauregard;271;"46° 44' 33"" N";"70° 01' 42"" O"
18025;Sainte-Apolline-de-Patton;526;"46° 48' 24"" N";"70° 11' 39"" O"
18030;Saint-Paul-de-Montminy;789;"46° 43' 48"" N";"70° 21' 42"" O"
18035;Sainte-Euphémie-sur-Rivière-du-Sud;325;"46° 46' 33"" N";"70° 26' 12"" O"
18040;Notre-Dame-du-Rosaire;385;"46° 49' 36"" N";"70° 23' 38"" O"
18045;Cap-Saint-Ignace;3 106;"47° 01' 53"" N";"70° 26' 29"" O"
18050;Montmagny;11 153;"46° 58' 53"" N";"70° 33' 27"" O"
18055;Saint-Pierre-de-la-Rivière-du-Sud;904;"46° 54' 50"" N";"70° 37' 36"" O"
18060;Saint-François-de-la-Rivière-du-Sud;1 646;"46° 53' 13"" N";"70° 42' 55"" O"
18065;Berthier-sur-Mer;1 618;"46° 55' 32"" N";"70° 43' 57"" O"
18070;Saint-Antoine-de-l'Isle-aux-Grues;140;"47° 04' 00"" N";"70° 32' 21"" O"
19005;Saint-Philémon;699;"46° 40' 44"" N";"70° 26' 52"" O"
19010;Notre-Dame-Auxiliatrice-de-Buckland;768;"46° 37' 11"" N";"70° 32' 38"" O"
19015;Saint-Nazaire-de-Dorchester;357;"46° 33' 06"" N";"70° 39' 43"" O"
19020;Saint-Léon-de-Standon;1 100;"46° 28' 42"" N";"70° 37' 11"" O"
19025;Saint-Malachie;1 516;"46° 31' 55"" N";"70° 45' 56"" O"
19030;Saint-Damien-de-Buckland;1 880;"46° 37' 46"" N";"70° 39' 57"" O"
19037;Armagh;1 485;"46° 44' 35"" N";"70° 35' 16"" O"
19045;Saint-Nérée-de-Bellechasse;742;"46° 43' 43"" N";"70° 43' 44"" O"
19050;Saint-Lazare-de-Bellechasse;1 306;"46° 39' 23"" N";"70° 47' 54"" O"
19055;Sainte-Claire;3 437;"46° 35' 54"" N";"70° 51' 55"" O"
19062;Saint-Anselme;4 010;"46° 37' 41"" N";"70° 58' 19"" O"
19068;Saint-Henri;5 676;"46° 41' 33"" N";"71° 04' 03"" O"
19070;Honfleur;873;"46° 39' 21"" N";"70° 52' 49"" O"
19075;Saint-Gervais;2 182;"46° 42' 59"" N";"70° 53' 30"" O"
19082;Saint-Raphaël;2 383;"46° 47' 40"" N";"70° 45' 21"" O"
19090;La Durantaye;783;"46° 50' 09"" N";"70° 51' 19"" O"
19097;Saint-Charles-de-Bellechasse;2 464;"46° 46' 21"" N";"70° 56' 31"" O"
19105;Beaumont;2 941;"46° 49' 50"" N";"71° 00' 35"" O"
19110;Saint-Michel-de-Bellechasse;1 812;"46° 52' 26"" N";"70° 54' 28"" O"
19117;Saint-Vallier;1 064;"46° 53' 34"" N";"70° 49' 19"" O"
20005;Saint-François-de-l'Île-d'Orléans;564;"47° 00' 09"" N";"70° 48' 47"" O"
20010;Sainte-Famille-de-l'Île-d'Orléans;964;"46° 58' 23"" N";"70° 57' 45"" O"
20015;Saint-Jean-de-l'Île-d'Orléans;1 175;"46° 55' 16"" N";"70° 53' 26"" O"
20020;Saint-Laurent-de-l'Île-d'Orléans;1 717;"46° 51' 52"" N";"70° 59' 54"" O"
20025;Saint-Pierre-de-l'Île-d'Orléans;2 080;"46° 53' 18"" N";"71° 04' 12"" O"
20030;Sainte-Pétronille;1 073;"46° 51' 09"" N";"71° 08' 10"" O"
21005;Saint-Tite-des-Caps;1 456;"47° 08' 29"" N";"70° 46' 12"" O"
21010;Saint-Ferréol-les-Neiges;3 373;"47° 07' 04"" N";"70° 51' 36"" O"
21015;Saint-Louis-de-Gonzague-du-Cap-Tourmente;2;"47° 03' 44"" N";"70° 48' 18"" O"
21020;Saint-Joachim;1 432;"47° 03' 13"" N";"70° 50' 36"" O"
21025;Beaupré;3 820;"47° 02' 30"" N";"70° 53' 57"" O"
21030;Sainte-Anne-de-Beaupré;2 854;"47° 00' 57"" N";"70° 56' 51"" O"
21035;Château-Richer;4 202;"46° 58' 10"" N";"71° 01' 03"" O"
21040;L'Ange-Gardien;3 814;"46° 54' 57"" N";"71° 05' 42"" O"
21045;Boischatel;7 944;"46° 53' 49"" N";"71° 08' 24"" O"
21902;Sault-au-Cochon;0;"47° 10' 00"" N";"70° 41' 49"" O"
21904;Lac-Jacques-Cartier;0;"47° 32' 35"" N";"71° 22' 58"" O"
22005;Sainte-Catherine-de-la-Jacques-Cartier;7 947;"46° 50' 43"" N";"71° 37' 11"" O"
22010;Fossambault-sur-le-Lac;2 075;"46° 52' 07"" N";"71° 37' 13"" O"
22015;Lac-Saint-Joseph;260;"46° 54' 26"" N";"71° 37' 35"" O"
22020;Shannon;6 260;"46° 53' 22"" N";"71° 31' 07"" O"
22025;Saint-Gabriel-de-Valcartier;3 479;"46° 55' 58"" N";"71° 27' 54"" O"
22030;Lac-Delage;668;"46° 58' 16"" N";"71° 24' 13"" O"
22035;Stoneham-et-Tewkesbury;8 891;"46° 59' 57"" N";"71° 22' 05"" O"
22040;Lac-Beauport;7 875;"46° 56' 47"" N";"71° 17' 14"" O"
22045;Sainte-Brigitte-de-Laval;7 882;"47° 00' 07"" N";"71° 11' 37"" O"
22902;Lac-Croche;0;"47° 28' 46"" N";"71° 49' 52"" O"
23015;Notre-Dame-des-Anges;330;"46° 48' 52"" N";"71° 13' 57"" O"
23027;Québec;542 706;"46° 48' 50"" N";"71° 12' 29"" O"
23057;L'Ancienne-Lorette;16 559;"46° 47' 55"" N";"71° 21' 44"" O"
23072;Saint-Augustin-de-Desmaures;19 186;"46° 44' 48"" N";"71° 27' 33"" O"
23802;Wendake;2 239;"46° 52' 00"" N";"71° 21' 43"" O"
25213;Lévis;146 080;"46° 45' 29"" N";"71° 14' 27"" O"
26005;Frampton;1 312;"46° 27' 47"" N";"70° 48' 27"" O"
26010;Saints-Anges;1 151;"46° 25' 05"" N";"70° 52' 36"" O"
26015;Vallée-Jonction;1 869;"46° 22' 30"" N";"70° 55' 36"" O"
26022;Saint-Elzéar;2 482;"46° 24' 22"" N";"71° 03' 40"" O"
26030;Sainte-Marie;13 823;"46° 26' 18"" N";"71° 01' 17"" O"
26035;Sainte-Marguerite;1 121;"46° 30' 41"" N";"70° 56' 12"" O"
26040;Sainte-Hénédine;1 304;"46° 33' 27"" N";"70° 59' 07"" O"
26048;Scott;2 498;"46° 30' 21"" N";"71° 04' 23"" O"
26055;Saint-Bernard;2 434;"46° 29' 53"" N";"71° 08' 11"" O"
26063;Saint-Isidore;3 056;"46° 35' 07"" N";"71° 05' 08"" O"
26070;Saint-Lambert-de-Lauzon;6 729;"46° 35' 30"" N";"71° 12' 22"" O"
27008;Saint-Victor;2 439;"46° 08' 47"" N";"70° 54' 17"" O"
27015;Saint-Alfred;503;"46° 09' 24"" N";"70° 49' 41"" O"
27028;Beauceville;6 306;"46° 12' 53"" N";"70° 46' 33"" O"
27035;Saint-Odilon-de-Cranbourne;1 388;"46° 21' 24"" N";"70° 40' 38"" O"
27043;Saint-Joseph-de-Beauce;4 877;"46° 18' 27"" N";"70° 52' 47"" O"
27050;Saint-Joseph-des-Érables;411;"46° 17' 34"" N";"70° 53' 51"" O"
27055;Saint-Jules;531;"46° 13' 26"" N";"70° 56' 52"" O"
27060;Tring-Jonction;1 402;"46° 16' 21"" N";"70° 59' 44"" O"
27065;Saint-Frédéric;1 069;"46° 17' 54"" N";"70° 58' 13"" O"
27070;Saint-Séverin;282;"46° 19' 33"" N";"71° 03' 16"" O"
28005;Saint-Zacharie;1 643;"46° 07' 36"" N";"70° 21' 48"" O"
28015;Sainte-Aurélie;829;"46° 10' 34"" N";"70° 21' 43"" O"
28020;Saint-Prosper;3 514;"46° 12' 40"" N";"70° 28' 58"" O"
28025;Saint-Benjamin;1 013;"46° 16' 48"" N";"70° 36' 12"" O"
28030;Sainte-Rose-de-Watford;733;"46° 19' 20"" N";"70° 25' 41"" O"
28035;Saint-Louis-de-Gonzague;367;"46° 16' 01"" N";"70° 19' 37"" O"
28040;Saint-Cyprien;492;"46° 21' 11"" N";"70° 15' 45"" O"
28045;Sainte-Justine;1 815;"46° 24' 10"" N";"70° 21' 26"" O"
28053;Lac-Etchemin;3 870;"46° 23' 47"" N";"70° 30' 16"" O"
28060;Saint-Luc-de-Bellechasse;443;"46° 30' 25"" N";"70° 28' 60"" O"
28065;Sainte-Sabine;363;"46° 29' 35"" N";"70° 21' 07"" O"
28070;Saint-Camille-de-Lellis;742;"46° 30' 00"" N";"70° 12' 21"" O"
28075;Saint-Magloire;639;"46° 34' 32"" N";"70° 17' 19"" O"
29005;Saint-Théophile;724;"45° 56' 09"" N";"70° 28' 58"" O"
29013;Saint-Gédéon-de-Beauce;2 170;"45° 51' 09"" N";"70° 38' 27"" O"
29020;Saint-Hilaire-de-Dorset;98;"45° 51' 56"" N";"70° 51' 24"" O"
29025;Saint-Évariste-de-Forsyth;580;"45° 56' 07"" N";"70° 56' 56"" O"
29030;La Guadeloupe;1 760;"45° 58' 05"" N";"70° 56' 30"" O"
29038;Saint-Honoré-de-Shenley;1 534;"45° 57' 40"" N";"70° 49' 26"" O"
29045;Saint-Martin;2 526;"45° 57' 33"" N";"70° 39' 21"" O"
29050;Saint-René;781;"46° 00' 49"" N";"70° 37' 08"" O"
29057;Saint-Côme--Linière;3 259;"46° 03' 29"" N";"70° 31' 19"" O"
29065;Saint-Philibert;362;"46° 08' 08"" N";"70° 32' 41"" O"
29073;Saint-Georges;33 158;"46° 07' 22"" N";"70° 40' 17"" O"
29095;Lac-Poulin;145;"46° 05' 55"" N";"70° 48' 58"" O"
29100;Saint-Benoît-Labre;1 617;"46° 04' 16"" N";"70° 47' 19"" O"
29112;Saint-Éphrem-de-Beauce;2 383;"46° 03' 32"" N";"70° 57' 19"" O"
29120;Notre-Dame-des-Pins;1 665;"46° 10' 60"" N";"70° 42' 51"" O"
29125;Saint-Simon-les-Mines;579;"46° 12' 41"" N";"70° 40' 52"" O"
30005;Saint-Augustin-de-Woburn;705;"45° 23' 05"" N";"70° 51' 47"" O"
30010;Notre-Dame-des-Bois;947;"45° 23' 31"" N";"71° 04' 27"" O"
30015;Val-Racine;177;"45° 29' 13"" N";"71° 04' 26"" O"
30020;Piopolis;354;"45° 29' 09"" N";"70° 54' 26"" O"
30025;Frontenac;1 741;"45° 34' 20"" N";"70° 49' 49"" O"
30030;Lac-Mégantic;5 614;"45° 34' 25"" N";"70° 52' 56"" O"
30035;Marston;715;"45° 33' 06"" N";"70° 56' 48"" O"
30040;Milan;301;"45° 35' 17"" N";"71° 07' 23"" O"
30045;Nantes;1 414;"45° 38' 01"" N";"71° 01' 16"" O"
30050;Sainte-Cécile-de-Whitton;843;"45° 40' 04"" N";"70° 56' 25"" O"
30055;Audet;749;"45° 39' 26"" N";"70° 44' 03"" O"
30070;Saint-Robert-Bellarmin;564;"45° 44' 59"" N";"70° 35' 04"" O"
30072;Saint-Ludger;1 051;"45° 44' 27"" N";"70° 41' 28"" O"
30080;Lac-Drolet;1 020;"45° 43' 06"" N";"70° 50' 59"" O"
30085;Saint-Sébastien;660;"45° 46' 56"" N";"70° 58' 11"" O"
30090;Courcelles;794;"45° 52' 27"" N";"70° 58' 59"" O"
30095;Lambton;1 612;"45° 50' 18"" N";"71° 05' 35"" O"
30100;Saint-Romain;699;"45° 47' 04"" N";"71° 05' 34"" O"
30105;Stornoway;529;"45° 42' 32"" N";"71° 09' 31"" O"
30110;Stratford;943;"45° 46' 55"" N";"71° 16' 58"" O"
31008;Beaulac-Garthby;957;"45° 50' 20"" N";"71° 22' 44"" O"
31015;Disraeli;2 338;"45° 54' 11"" N";"71° 21' 28"" O"
31020;Disraeli;1 120;"45° 55' 26"" N";"71° 22' 19"" O"
31025;Saint-Jacques-le-Majeur-de-Wolfestown;180;"45° 56' 28"" N";"71° 30' 14"" O"
31030;Saint-Fortunat;262;"45° 58' 21"" N";"71° 35' 59"" O"
31035;Saint-Julien;374;"45° 59' 42"" N";"71° 31' 41"" O"
31040;Irlande;880;"46° 05' 10"" N";"71° 31' 58"" O"
31045;Saint-Joseph-de-Coleraine;1 742;"45° 57' 51"" N";"71° 22' 23"" O"
31050;Sainte-Praxède;322;"45° 54' 05"" N";"71° 15' 17"" O"
31056;Adstock;2 773;"46° 02' 50"" N";"71° 04' 40"" O"
31060;Sainte-Clotilde-de-Beauce;563;"46° 07' 32"" N";"71° 01' 42"" O"
31084;Thetford Mines;25 624;"46° 05' 20"" N";"71° 18' 07"" O"
31095;Saint-Adrien-d'Irlande;400;"46° 06' 35"" N";"71° 27' 04"" O"
31100;Saint-Jean-de-Brébeuf;365;"46° 11' 00"" N";"71° 27' 25"" O"
31105;Kinnear's Mills;346;"46° 13' 24"" N";"71° 22' 55"" O"
31122;East Broughton;2 185;"46° 13' 34"" N";"71° 04' 39"" O"
31130;Sacré-Coeur-de-Jésus;532;"46° 14' 07"" N";"71° 03' 26"" O"
31135;Saint-Pierre-de-Broughton;893;"46° 14' 44"" N";"71° 12' 24"" O"
31140;Saint-Jacques-de-Leeds;688;"46° 17' 20"" N";"71° 20' 18"" O"
32013;Saint-Ferdinand;2 033;"46° 06' 43"" N";"71° 34' 24"" O"
32023;Sainte-Sophie-d'Halifax;621;"46° 09' 13"" N";"71° 42' 28"" O"
32033;Princeville;6 131;"46° 10' 18"" N";"71° 52' 33"" O"
32040;Plessisville;6 508;"46° 13' 08"" N";"71° 46' 19"" O"
32045;Plessisville;2 613;"46° 12' 25"" N";"71° 45' 09"" O"
32050;Saint-Pierre-Baptiste;517;"46° 12' 15"" N";"71° 37' 03"" O"
32058;Inverness;913;"46° 15' 38"" N";"71° 31' 21"" O"
32065;Lyster;1 592;"46° 22' 18"" N";"71° 36' 56"" O"
32072;Laurierville;1 307;"46° 17' 48"" N";"71° 39' 23"" O"
32080;Notre-Dame-de-Lourdes;711;"46° 19' 37"" N";"71° 49' 09"" O"
32085;Villeroy;474;"46° 23' 12"" N";"71° 52' 28"" O"
33007;Saint-Sylvestre;1 008;"46° 21' 54"" N";"71° 13' 23"" O"
33017;Sainte-Agathe-de-Lotbinière;1 150;"46° 22' 34"" N";"71° 24' 01"" O"
33025;Saint-Patrice-de-Beaurivage;1 067;"46° 24' 43"" N";"71° 14' 20"" O"
33030;Saint-Narcisse-de-Beaurivage;1 108;"46° 28' 54"" N";"71° 13' 54"" O"
33035;Saint-Gilles;2 643;"46° 30' 36"" N";"71° 21' 53"" O"
33040;Dosquet;994;"46° 27' 56"" N";"71° 31' 35"" O"
33045;Saint-Agapit;4 402;"46° 33' 52"" N";"71° 26' 13"" O"
33052;Saint-Flavien;1 626;"46° 31' 08"" N";"71° 36' 12"" O"
33060;Laurier-Station;2 582;"46° 32' 17"" N";"71° 37' 54"" O"
33065;Saint-Janvier-de-Joly;1 041;"46° 29' 07"" N";"71° 39' 48"" O"
33070;Val-Alain;983;"46° 24' 59"" N";"71° 45' 17"" O"
33080;Saint-Édouard-de-Lotbinière;1 198;"46° 34' 08"" N";"71° 50' 14"" O"
33085;Notre-Dame-du-Sacré-Coeur-d'Issoudun;884;"46° 34' 43"" N";"71° 37' 23"" O"
33090;Saint-Apollinaire;6 834;"46° 37' 00"" N";"71° 30' 38"" O"
33095;Saint-Antoine-de-Tilly;1 626;"46° 39' 52"" N";"71° 34' 22"" O"
33102;Sainte-Croix;2 508;"46° 37' 23"" N";"71° 44' 23"" O"
33115;Lotbinière;796;"46° 37' 01"" N";"71° 55' 46"" O"
33123;Leclercville;481;"46° 34' 17"" N";"72° 00' 04"" O"
34007;Neuville;4 466;"46° 41' 55"" N";"71° 35' 25"" O"
34017;Pont-Rouge;9 763;"46° 45' 17"" N";"71° 41' 50"" O"
34025;Donnacona;7 292;"46° 40' 22"" N";"71° 44' 14"" O"
34030;Cap-Santé;3 454;"46° 40' 17"" N";"71° 46' 16"" O"
34038;Saint-Basile;2 642;"46° 45' 22"" N";"71° 49' 34"" O"
34048;Portneuf;3 244;"46° 41' 27"" N";"71° 53' 20"" O"
34058;Deschambault-Grondines;2 236;"46° 38' 55"" N";"71° 55' 38"" O"
34060;Saint-Gilbert;298;"46° 42' 55"" N";"71° 59' 40"" O"
34065;Saint-Marc-des-Carrières;2 938;"46° 40' 49"" N";"72° 02' 56"" O"
34078;Saint-Casimir;1 411;"46° 39' 23"" N";"72° 08' 27"" O"
34085;Saint-Thuribe;285;"46° 42' 30"" N";"72° 09' 46"" O"
34090;Saint-Ubalde;1 375;"46° 45' 19"" N";"72° 16' 11"" O"
34097;Saint-Alban;1 217;"46° 43' 10"" N";"72° 04' 38"" O"
34105;Sainte-Christine-d'Auvergne;599;"46° 48' 51"" N";"71° 58' 15"" O"
34115;Saint-Léonard-de-Portneuf;1 136;"46° 53' 27"" N";"71° 54' 23"" O"
34120;Lac-Sergent;515;"46° 52' 10"" N";"71° 43' 29"" O"
34128;Saint-Raymond;10 620;"46° 53' 29"" N";"71° 49' 57"" O"
34135;Rivière-à-Pierre;555;"46° 59' 49"" N";"72° 10' 34"" O"
34902;Lac-Blanc;0;"47° 15' 54"" N";"71° 54' 21"" O"
34904;Linton;0;"47° 12' 35"" N";"72° 05' 18"" O"
34906;Lac-Lapeyrère;0;"47° 14' 03"" N";"72° 23' 52"" O"
35005;Notre-Dame-de-Montauban;745;"46° 52' 34"" N";"72° 18' 30"" O"
35010;Lac-aux-Sables;1 286;"46° 51' 32"" N";"72° 23' 59"" O"
35015;Saint-Adelphe;941;"46° 44' 04"" N";"72° 25' 51"" O"
35020;Saint-Séverin;840;"46° 40' 02"" N";"72° 30' 10"" O"
35027;Saint-Tite;3 717;"46° 43' 37"" N";"72° 33' 53"" O"
35035;Hérouxville;1 303;"46° 40' 25"" N";"72° 36' 51"" O"
35040;Grandes-Piles;439;"46° 41' 12"" N";"72° 43' 33"" O"
35045;Saint-Roch-de-Mékinac;303;"46° 48' 41"" N";"72° 46' 08"" O"
35050;Sainte-Thècle;2 400;"46° 48' 54"" N";"72° 30' 28"" O"
35055;Trois-Rives;392;"46° 55' 02"" N";"72° 41' 59"" O"
35902;Lac-Masketsi;0;"47° 04' 46"" N";"72° 30' 51"" O"
35904;Lac-Normand;5;"47° 09' 45"" N";"73° 24' 09"" O"
35906;Rivière-de-la-Savane;0;"47° 06' 14"" N";"73° 37' 57"" O"
35908;Lac-Boulé;0;"46° 53' 22"" N";"73° 37' 56"" O"
36033;Shawinigan;49 338;"46° 32' 28"" N";"72° 44' 43"" O"
37067;Trois-Rivières;136 857;"46° 20' 35"" N";"72° 32' 36"" O"
37205;Sainte-Anne-de-la-Pérade;2 016;"46° 34' 08"" N";"72° 12' 40"" O"
37210;Batiscan;910;"46° 29' 18"" N";"72° 15' 24"" O"
37215;Sainte-Geneviève-de-Batiscan;1 004;"46° 31' 56"" N";"72° 20' 19"" O"
37220;Champlain;1 794;"46° 26' 14"" N";"72° 21' 17"" O"
37225;Saint-Luc-de-Vincennes;544;"46° 29' 48"" N";"72° 25' 09"" O"
37230;Saint-Maurice;3 457;"46° 28' 09"" N";"72° 31' 50"" O"
37235;Notre-Dame-du-Mont-Carmel;5 897;"46° 28' 22"" N";"72° 40' 32"" O"
37240;Saint-Narcisse;1 840;"46° 33' 48"" N";"72° 28' 24"" O"
37245;Saint-Stanislas;1 036;"46° 36' 40"" N";"72° 23' 12"" O"
37250;Saint-Prosper-de-Champlain;542;"46° 36' 50"" N";"72° 17' 41"" O"
38005;Saint-Sylvère;762;"46° 14' 00"" N";"72° 13' 29"" O"
38010;Bécancour;13 322;"46° 20' 54"" N";"72° 26' 06"" O"
38015;Sainte-Marie-de-Blandford;451;"46° 19' 25"" N";"72° 10' 44"" O"
38020;Lemieux;305;"46° 17' 44"" N";"72° 06' 32"" O"
38028;Manseau;808;"46° 21' 58"" N";"72° 00' 10"" O"
38035;Sainte-Françoise;448;"46° 26' 47"" N";"71° 58' 57"" O"
38040;Sainte-Sophie-de-Lévrard;711;"46° 25' 41"" N";"72° 06' 34"" O"
38047;Fortierville;656;"46° 29' 10"" N";"72° 01' 55"" O"
38055;Parisville;534;"46° 31' 07"" N";"72° 03' 56"" O"
38060;Sainte-Cécile-de-Lévrard;371;"46° 28' 00"" N";"72° 09' 42"" O"
38065;Saint-Pierre-les-Becquets;1 114;"46° 30' 23"" N";"72° 12' 11"" O"
38070;Deschaillons-sur-Saint-Laurent;869;"46° 33' 06"" N";"72° 07' 31"" O"
38802;Wôlinak;205;"46° 19' 43"" N";"72° 25' 18"" O"
39005;Saints-Martyrs-Canadiens;263;"45° 51' 19"" N";"71° 32' 04"" O"
39010;Ham-Nord;870;"45° 54' 11"" N";"71° 38' 48"" O"
39015;Notre-Dame-de-Ham;404;"45° 54' 33"" N";"71° 44' 11"" O"
39020;Saint-Rémi-de-Tingwick;443;"45° 51' 58"" N";"71° 49' 13"" O"
39025;Tingwick;1 434;"45° 52' 44"" N";"71° 56' 33"" O"
39030;Chesterville;949;"45° 57' 44"" N";"71° 49' 24"" O"
39035;Sainte-Hélène-de-Chester;391;"46° 01' 54"" N";"71° 42' 34"" O"
39043;Saint-Norbert-d'Arthabaska;1 220;"46° 06' 23"" N";"71° 49' 16"" O"
39060;Saint-Christophe-d'Arthabaska;3 074;"46° 01' 49"" N";"71° 55' 54"" O"
39062;Victoriaville;47 233;"46° 03' 21"" N";"71° 57' 38"" O"
39077;Warwick;4 669;"45° 56' 45"" N";"71° 59' 22"" O"
39085;Saint-Albert;1 649;"46° 00' 10"" N";"72° 05' 20"" O"
39090;Sainte-Élizabeth-de-Warwick;374;"45° 55' 16"" N";"72° 04' 47"" O"
39097;Kingsey Falls;1 922;"45° 51' 29"" N";"72° 04' 20"" O"
39105;Sainte-Séraphine;367;"45° 55' 16"" N";"72° 11' 06"" O"
39117;Sainte-Clotilde-de-Horton;1 583;"45° 59' 41"" N";"72° 14' 24"" O"
39130;Saint-Samuel;770;"46° 04' 17"" N";"72° 12' 23"" O"
39135;Saint-Valère;1 249;"46° 03' 57"" N";"72° 05' 45"" O"
39145;Saint-Rosaire;869;"46° 09' 49"" N";"72° 01' 38"" O"
39152;Daveluyville;2 308;"46° 12' 21"" N";"72° 08' 17"" O"
39165;Maddington Falls;424;"46° 13' 03"" N";"72° 08' 38"" O"
39170;Saint-Louis-de-Blandford;1 079;"46° 14' 58"" N";"72° 00' 08"" O"
40005;Ham-Sud;234;"45° 45' 22"" N";"71° 36' 04"" O"
40010;Saint-Adrien;529;"45° 49' 10"" N";"71° 43' 22"" O"
40017;Wotton;1 421;"45° 44' 11"" N";"71° 48' 35"" O"
40025;Saint-Camille;543;"45° 40' 57"" N";"71° 42' 06"" O"
40032;Saint-Georges-de-Windsor;987;"45° 41' 53"" N";"71° 50' 40"" O"
40043;Asbestos;6 781;"45° 46' 39"" N";"71° 56' 18"" O"
40047;Danville;3 819;"45° 46' 56"" N";"72° 00' 30"" O"
41012;Saint-Isidore-de-Clifton;677;"45° 15' 52"" N";"71° 30' 40"" O"
41020;Chartierville;280;"45° 17' 56"" N";"71° 12' 08"" O"
41027;La Patrie;799;"45° 24' 12"" N";"71° 15' 06"" O"
41037;Newport;731;"45° 23' 19"" N";"71° 28' 43"" O"
41038;Cookshire-Eaton;5 379;"45° 24' 47"" N";"71° 37' 34"" O"
41055;Ascot Corner;3 197;"45° 26' 54"" N";"71° 45' 60"" O"
41060;East Angus;3 820;"45° 29' 03"" N";"71° 39' 33"" O"
41065;Westbury;1 053;"45° 28' 07"" N";"71° 40' 57"" O"
41070;Bury;1 148;"45° 28' 23"" N";"71° 30' 02"" O"
41075;Hampden;177;"45° 27' 43"" N";"71° 15' 32"" O"
41080;Scotstown;467;"45° 31' 24"" N";"71° 16' 51"" O"
41085;Lingwick;460;"45° 36' 35"" N";"71° 21' 07"" O"
41098;Weedon;2 661;"45° 42' 26"" N";"71° 27' 38"" O"
41117;Dudswell;1 769;"45° 34' 49"" N";"71° 34' 18"" O"
42005;Stoke;2 956;"45° 31' 59"" N";"71° 48' 20"" O"
42020;Saint-François-Xavier-de-Brompton;2 361;"45° 32' 25"" N";"72° 02' 43"" O"
42025;Saint-Denis-de-Brompton;4 292;"45° 27' 30"" N";"72° 04' 47"" O"
42032;Racine;1 351;"45° 30' 13"" N";"72° 14' 35"" O"
42040;Bonsecours;621;"45° 24' 23"" N";"72° 18' 15"" O"
42045;Lawrenceville;627;"45° 25' 18"" N";"72° 20' 28"" O"
42050;Sainte-Anne-de-la-Rochelle;610;"45° 24' 13"" N";"72° 24' 04"" O"
42055;Valcourt;2 156;"45° 29' 32"" N";"72° 18' 52"" O"
42060;Valcourt;1 041;"45° 29' 18"" N";"72° 18' 34"" O"
42065;Maricourt;420;"45° 33' 53"" N";"72° 15' 45"" O"
42070;Kingsbury;139;"45° 35' 15"" N";"72° 08' 19"" O"
42075;Melbourne;1 061;"45° 38' 42"" N";"72° 08' 29"" O"
42078;Ulverton;416;"45° 43' 32"" N";"72° 14' 25"" O"
42088;Windsor;5 396;"45° 34' 07"" N";"72° 00' 21"" O"
42095;Val-Joli;1 657;"45° 35' 37"" N";"71° 58' 07"" O"
42098;Richmond;3 229;"45° 39' 56"" N";"72° 08' 49"" O"
42100;Saint-Claude;1 170;"45° 39' 33"" N";"71° 58' 34"" O"
42110;Cleveland;1 534;"45° 38' 39"" N";"72° 08' 00"" O"
43027;Sherbrooke;166 863;"45° 24' 15"" N";"71° 53' 35"" O"
44003;Saint-Malo;473;"45° 11' 54"" N";"71° 30' 03"" O"
44005;Saint-Venant-de-Paquette;97;"45° 07' 30"" N";"71° 27' 43"" O"
44010;East Hereford;266;"45° 04' 34"" N";"71° 30' 09"" O"
44015;Saint-Herménégilde;729;"45° 06' 19"" N";"71° 40' 22"" O"
44023;Dixville;693;"45° 04' 03"" N";"71° 46' 11"" O"
44037;Coaticook;8 914;"45° 08' 04"" N";"71° 48' 18"" O"
44045;Barnston-Ouest;563;"45° 06' 09"" N";"71° 58' 33"" O"
44050;Stanstead-Est;603;"45° 05' 30"" N";"72° 03' 24"" O"
44055;Sainte-Edwidge-de-Clifton;526;"45° 12' 20"" N";"71° 40' 60"" O"
44060;Martinville;445;"45° 16' 42"" N";"71° 43' 03"" O"
44071;Compton;3 112;"45° 14' 32"" N";"71° 49' 39"" O"
44080;Waterville;2 177;"45° 16' 41"" N";"71° 53' 26"" O"
45008;Stanstead;2 792;"45° 00' 38"" N";"72° 05' 51"" O"
45020;Ogden;756;"45° 01' 33"" N";"72° 12' 54"" O"
45025;Stanstead;958;"45° 07' 06"" N";"72° 10' 55"" O"
45030;Potton;1 868;"45° 02' 59"" N";"72° 23' 30"" O"
45035;Ayer's Cliff;1 120;"45° 10' 10"" N";"72° 02' 37"" O"
45043;Hatley;673;"45° 10' 50"" N";"71° 59' 27"" O"
45050;North Hatley;660;"45° 16' 48"" N";"71° 58' 20"" O"
45055;Hatley;2 212;"45° 17' 36"" N";"71° 56' 58"" O"
45060;Sainte-Catherine-de-Hatley;2 554;"45° 15' 04"" N";"72° 02' 50"" O"
45072;Magog;27 102;"45° 15' 54"" N";"72° 08' 48"" O"
45080;Saint-Benoît-du-Lac;30;"45° 10' 01"" N";"72° 16' 09"" O"
45085;Austin;1 505;"45° 11' 12"" N";"72° 16' 49"" O"
45093;Eastman;2 010;"45° 18' 48"" N";"72° 18' 16"" O"
45095;Bolton-Est;998;"45° 12' 09"" N";"72° 21' 24"" O"
45100;Saint-Étienne-de-Bolton;711;"45° 15' 57"" N";"72° 22' 51"" O"
45105;Stukely-Sud;1 096;"45° 19' 15"" N";"72° 24' 55"" O"
45115;Orford;4 569;"45° 18' 50"" N";"72° 10' 13"" O"
46005;Abercorn;340;"45° 02' 08"" N";"72° 39' 35"" O"
46010;Frelighsburg;1 125;"45° 03' 22"" N";"72° 50' 14"" O"
46017;Saint-Armand;1 210;"45° 01' 55"" N";"73° 02' 31"" O"
46025;Pike River;512;"45° 07' 19"" N";"73° 04' 06"" O"
46030;Stanbridge Station;277;"45° 07' 08"" N";"73° 01' 50"" O"
46035;Bedford;2 565;"45° 07' 15"" N";"72° 59' 16"" O"
46040;Bedford;700;"45° 07' 10"" N";"72° 58' 06"" O"
46045;Stanbridge East;877;"45° 07' 22"" N";"72° 54' 53"" O"
46050;Dunham;3 477;"45° 07' 52"" N";"72° 47' 58"" O"
46058;Sutton;4 039;"45° 06' 22"" N";"72° 36' 56"" O"
46065;Bolton-Ouest;611;"45° 14' 36"" N";"72° 27' 42"" O"
46070;Brome;297;"45° 11' 36"" N";"72° 34' 15"" O"
46075;Lac-Brome;5 589;"45° 13' 09"" N";"72° 30' 31"" O"
46078;Bromont;9 774;"45° 19' 08"" N";"72° 38' 46"" O"
46080;Cowansville;14 314;"45° 12' 17"" N";"72° 44' 28"" O"
46085;East Farnham;556;"45° 14' 34"" N";"72° 46' 24"" O"
46090;Brigham;2 323;"45° 14' 55"" N";"72° 50' 45"" O"
46095;Saint-Ignace-de-Stanbridge;678;"45° 10' 20"" N";"72° 56' 46"" O"
46100;Notre-Dame-de-Stanbridge;666;"45° 10' 22"" N";"73° 02' 17"" O"
46105;Sainte-Sabine;1 113;"45° 13' 38"" N";"73° 01' 16"" O"
46112;Farnham;9 337;"45° 17' 02"" N";"72° 58' 36"" O"
47010;Saint-Alphonse-de-Granby;3 215;"45° 19' 39"" N";"72° 47' 23"" O"
47017;Granby;67 733;"45° 23' 56"" N";"72° 43' 16"" O"
47025;Waterloo;4 553;"45° 20' 41"" N";"72° 30' 56"" O"
47030;Warden;371;"45° 22' 40"" N";"72° 30' 15"" O"
47035;Shefford;7 079;"45° 22' 06"" N";"72° 34' 05"" O"
47040;Saint-Joachim-de-Shefford;1 364;"45° 26' 50"" N";"72° 31' 34"" O"
47047;Roxton Pond;4 005;"45° 28' 35"" N";"72° 39' 52"" O"
47055;Sainte-Cécile-de-Milton;2 245;"45° 28' 57"" N";"72° 45' 14"" O"
48005;Béthanie;327;"45° 30' 05"" N";"72° 26' 15"" O"
48010;Roxton Falls;1 290;"45° 34' 21"" N";"72° 31' 21"" O"
48015;Roxton;1 073;"45° 33' 54"" N";"72° 31' 03"" O"
48020;Sainte-Christine;719;"45° 36' 47"" N";"72° 25' 39"" O"
48028;Acton Vale;7 630;"45° 38' 52"" N";"72° 33' 53"" O"
48038;Upton;2 182;"45° 39' 02"" N";"72° 41' 39"" O"
48045;Saint-Théodore-d'Acton;1 545;"45° 41' 05"" N";"72° 34' 38"" O"
48050;Saint-Nazaire-d'Acton;866;"45° 44' 21"" N";"72° 37' 01"" O"
49005;Saint-Félix-de-Kingsey;1 462;"45° 47' 43"" N";"72° 11' 27"" O"
49015;Durham-Sud;1 064;"45° 39' 42"" N";"72° 20' 44"" O"
49020;Lefebvre;932;"45° 42' 48"" N";"72° 24' 47"" O"
49025;L'Avenir;1 355;"45° 45' 56"" N";"72° 18' 44"" O"
49030;Saint-Lucien;1 726;"45° 52' 26"" N";"72° 15' 59"" O"
49040;Wickham;2 580;"45° 45' 49"" N";"72° 30' 00"" O"
49048;Saint-Germain-de-Grantham;4 973;"45° 50' 34"" N";"72° 33' 43"" O"
49058;Drummondville;77 661;"45° 52' 50"" N";"72° 29' 03"" O"
49070;Saint-Cyrille-de-Wendover;4 807;"45° 55' 53"" N";"72° 25' 36"" O"
49075;Notre-Dame-du-Bon-Conseil;1 586;"46° 00' 02"" N";"72° 20' 39"" O"
49080;Notre-Dame-du-Bon-Conseil;977;"45° 58' 29"" N";"72° 22' 26"" O"
49085;Sainte-Brigitte-des-Saults;729;"46° 01' 38"" N";"72° 28' 57"" O"
49095;Saint-Majorique-de-Grantham;1 381;"45° 55' 55"" N";"72° 34' 53"" O"
49100;Saint-Edmond-de-Grantham;768;"45° 52' 54"" N";"72° 40' 35"" O"
49105;Saint-Eugène;1 143;"45° 48' 15"" N";"72° 41' 47"" O"
49113;Saint-Guillaume;1 467;"45° 52' 55"" N";"72° 45' 58"" O"
49125;Saint-Bonaventure;1 050;"45° 57' 57"" N";"72° 40' 49"" O"
49130;Saint-Pie-de-Guire;453;"46° 00' 11"" N";"72° 44' 51"" O"
50005;Sainte-Eulalie;943;"46° 06' 53"" N";"72° 15' 15"" O"
50013;Aston-Jonction;418;"46° 10' 09"" N";"72° 13' 45"" O"
50023;Saint-Wenceslas;1 177;"46° 09' 58"" N";"72° 19' 37"" O"
50030;Saint-Célestin;849;"46° 12' 51"" N";"72° 25' 58"" O"
50035;Saint-Célestin;589;"46° 11' 54"" N";"72° 27' 19"" O"
50042;Saint-Léonard-d'Aston;2 455;"46° 06' 31"" N";"72° 22' 33"" O"
50050;Sainte-Perpétue;961;"46° 05' 05"" N";"72° 28' 14"" O"
50057;Sainte-Monique;511;"46° 09' 29"" N";"72° 32' 14"" O"
50065;Grand-Saint-Esprit;469;"46° 10' 52"" N";"72° 29' 48"" O"
50072;Nicolet;8 440;"46° 13' 35"" N";"72° 36' 58"" O"
50085;La Visitation-de-Yamaska;331;"46° 07' 49"" N";"72° 36' 11"" O"
50090;Saint-Zéphirin-de-Courval;693;"46° 03' 07"" N";"72° 36' 54"" O"
50095;Saint-Elphège;273;"46° 03' 18"" N";"72° 42' 12"" O"
50100;Baie-du-Febvre;963;"46° 08' 15"" N";"72° 43' 18"" O"
50113;Pierreville;2 192;"46° 04' 02"" N";"72° 48' 40"" O"
50128;Saint-François-du-Lac;1 975;"46° 04' 02"" N";"72° 49' 42"" O"
50802;Odanak;460;"46° 04' 24"" N";"72° 49' 12"" O"
51008;Maskinongé;2 321;"46° 13' 21"" N";"73° 00' 59"" O"
51015;Louiseville;7 181;"46° 15' 20"" N";"72° 56' 33"" O"
51020;Yamachiche;2 899;"46° 16' 48"" N";"72° 50' 07"" O"
51025;Saint-Barnabé;1 211;"46° 23' 39"" N";"72° 52' 41"" O"
51030;Saint-Sévère;317;"46° 20' 48"" N";"72° 53' 54"" O"
51035;Saint-Léon-le-Grand;942;"46° 18' 48"" N";"72° 56' 12"" O"
51040;Sainte-Ursule;1 334;"46° 17' 25"" N";"73° 01' 44"" O"
51045;Saint-Justin;968;"46° 14' 58"" N";"73° 05' 23"" O"
51050;Saint-Édouard-de-Maskinongé;722;"46° 19' 43"" N";"73° 08' 49"" O"
51055;Sainte-Angèle-de-Prémont;618;"46° 21' 53"" N";"73° 03' 26"" O"
51060;Saint-Paulin;1 497;"46° 25' 22"" N";"73° 00' 50"" O"
51065;Saint-Alexis-des-Monts;2 952;"46° 27' 36"" N";"73° 08' 49"" O"
51070;Saint-Mathieu-du-Parc;1 313;"46° 34' 24"" N";"72° 55' 19"" O"
51075;Saint-Élie-de-Caxton;1 862;"46° 29' 10"" N";"72° 57' 39"" O"
51080;Charette;973;"46° 26' 41"" N";"72° 55' 15"" O"
51085;Saint-Boniface;4 935;"46° 30' 13"" N";"72° 49' 50"" O"
51090;Saint-Étienne-des-Grès;4 594;"46° 26' 25"" N";"72° 46' 22"" O"
52007;Lavaltrie;13 920;"45° 53' 04"" N";"73° 16' 37"" O"
52017;Lanoraie;5 003;"45° 57' 42"" N";"73° 13' 18"" O"
52030;Sainte-Élisabeth;1 473;"46° 05' 42"" N";"73° 20' 58"" O"
52035;Berthierville;4 300;"46° 05' 02"" N";"73° 10' 34"" O"
52040;Sainte-Geneviève-de-Berthier;2 321;"46° 05' 26"" N";"73° 12' 18"" O"
52045;Saint-Ignace-de-Loyola;2 043;"46° 03' 58"" N";"73° 07' 50"" O"
52050;La Visitation-de-l'Île-Dupas;626;"46° 05' 10"" N";"73° 08' 33"" O"
52055;Saint-Barthélemy;1 988;"46° 11' 29"" N";"73° 07' 08"" O"
52062;Saint-Cuthbert;1 871;"46° 08' 54"" N";"73° 13' 10"" O"
52070;Saint-Norbert;1 070;"46° 10' 04"" N";"73° 18' 44"" O"
52075;Saint-Cléophas-de-Brandon;225;"46° 13' 41"" N";"73° 24' 24"" O"
52080;Saint-Gabriel;2 656;"46° 17' 36"" N";"73° 22' 57"" O"
52085;Saint-Gabriel-de-Brandon;2 636;"46° 17' 02"" N";"73° 21' 54"" O"
52090;Saint-Didace;674;"46° 19' 45"" N";"73° 16' 59"" O"
52095;Mandeville;2 214;"46° 21' 27"" N";"73° 21' 16"" O"
53005;Saint-David;847;"45° 57' 27"" N";"72° 51' 10"" O"
53010;Massueville;534;"45° 54' 39"" N";"72° 55' 41"" O"
53015;Saint-Aimé;466;"45° 54' 48"" N";"72° 57' 15"" O"
53020;Saint-Robert;1 766;"45° 58' 22"" N";"72° 59' 59"" O"
53025;Sainte-Victoire-de-Sorel;2 465;"45° 56' 55"" N";"73° 05' 16"" O"
53032;Saint-Ours;1 712;"45° 53' 19"" N";"73° 09' 04"" O"
53040;Saint-Roch-de-Richelieu;2 237;"45° 53' 31"" N";"73° 09' 51"" O"
53050;Saint-Joseph-de-Sorel;1 593;"46° 02' 33"" N";"73° 07' 33"" O"
53052;Sorel-Tracy;34 797;"46° 02' 37"" N";"73° 06' 48"" O"
53065;Sainte-Anne-de-Sorel;2 748;"46° 03' 45"" N";"73° 01' 19"" O"
53072;Yamaska;1 680;"46° 00' 30"" N";"72° 54' 01"" O"
53085;Saint-Gérard-Majella;232;"46° 00' 18"" N";"72° 50' 21"" O"
54008;Saint-Pie;5 748;"45° 30' 06"" N";"72° 54' 01"" O"
54017;Saint-Damase;2 529;"45° 31' 36"" N";"73° 00' 24"" O"
54025;Sainte-Madeleine;2 297;"45° 35' 39"" N";"73° 05' 33"" O"
54030;Sainte-Marie-Madeleine;2 954;"45° 35' 23"" N";"73° 07' 06"" O"
54035;La Présentation;2 440;"45° 39' 57"" N";"73° 03' 03"" O"
54048;Saint-Hyacinthe;56 307;"45° 37' 34"" N";"72° 56' 47"" O"
54060;Saint-Dominique;2 593;"45° 33' 52"" N";"72° 51' 06"" O"
54065;Saint-Valérien-de-Milton;1 817;"45° 33' 36"" N";"72° 42' 45"" O"
54072;Saint-Liboire;3 062;"45° 38' 56"" N";"72° 45' 31"" O"
54090;Saint-Simon;1 423;"45° 44' 07"" N";"72° 52' 26"" O"
54095;Sainte-Hélène-de-Bagot;1 669;"45° 43' 48"" N";"72° 44' 07"" O"
54100;Saint-Hugues;1 325;"45° 47' 39"" N";"72° 51' 31"" O"
54105;Saint-Barnabé-Sud;861;"45° 43' 49"" N";"72° 55' 24"" O"
54110;Saint-Jude;1 326;"45° 46' 16"" N";"72° 59' 33"" O"
54115;Saint-Bernard-de-Michaudville;600;"45° 49' 36"" N";"73° 03' 38"" O"
54120;Saint-Louis;726;"45° 51' 17"" N";"72° 58' 33"" O"
54125;Saint-Marcel-de-Richelieu;505;"45° 51' 39"" N";"72° 53' 53"" O"
55008;Ange-Gardien;2 806;"45° 21' 19"" N";"72° 56' 04"" O"
55015;Saint-Paul-d'Abbotsford;2 943;"45° 26' 12"" N";"72° 53' 05"" O"
55023;Saint-Césaire;5 912;"45° 24' 36"" N";"73° 00' 15"" O"
55030;Sainte-Angèle-de-Monnoir;1 793;"45° 23' 27"" N";"73° 06' 32"" O"
55037;Rougemont;2 812;"45° 26' 38"" N";"73° 04' 21"" O"
55048;Marieville;10 996;"45° 25' 53"" N";"73° 09' 49"" O"
55057;Richelieu;5 418;"45° 26' 36"" N";"73° 15' 12"" O"
55065;Saint-Mathias-sur-Richelieu;4 544;"45° 28' 32"" N";"73° 16' 05"" O"
56005;Venise-en-Québec;1 706;"45° 04' 59"" N";"73° 09' 08"" O"
56010;Saint-Georges-de-Clarenceville;1 146;"45° 03' 44"" N";"73° 12' 48"" O"
56015;Noyan;1 434;"45° 03' 53"" N";"73° 17' 53"" O"
56023;Lacolle;2 684;"45° 04' 51"" N";"73° 22' 24"" O"
56030;Saint-Valentin;445;"45° 07' 45"" N";"73° 19' 31"" O"
56035;Saint-Paul-de-l'Île-aux-Noix;2 084;"45° 07' 50"" N";"73° 16' 37"" O"
56042;Henryville;1 433;"45° 08' 13"" N";"73° 11' 34"" O"
56050;Saint-Sébastien;719;"45° 07' 38"" N";"73° 08' 52"" O"
56055;Saint-Alexandre;2 540;"45° 14' 24"" N";"73° 07' 02"" O"
56060;Sainte-Anne-de-Sabrevois;2 095;"45° 12' 19"" N";"73° 13' 41"" O"
56065;Saint-Blaise-sur-Richelieu;2 081;"45° 12' 35"" N";"73° 17' 18"" O"
56083;Saint-Jean-sur-Richelieu;96 605;"45° 18' 20"" N";"73° 15' 13"" O"
56097;Mont-Saint-Grégoire;3 179;"45° 20' 08"" N";"73° 09' 34"" O"
56105;Sainte-Brigide-d'Iberville;1 439;"45° 19' 20"" N";"73° 03' 48"" O"
57005;Chambly;30 694;"45° 26' 60"" N";"73° 17' 28"" O"
57010;Carignan;10 443;"45° 27' 57"" N";"73° 19' 46"" O"
57020;Saint-Basile-le-Grand;17 125;"45° 31' 34"" N";"73° 17' 15"" O"
57025;McMasterville;5 839;"45° 33' 04"" N";"73° 13' 49"" O"
57030;Otterburn Park;8 272;"45° 32' 28"" N";"73° 11' 18"" O"
57033;Saint-Jean-Baptiste;3 170;"45° 31' 12"" N";"73° 07' 27"" O"
57035;Mont-Saint-Hilaire;18 826;"45° 33' 53"" N";"73° 11' 29"" O"
57040;Beloeil;23 246;"45° 34' 00"" N";"73° 12' 07"" O"
57045;Saint-Mathieu-de-Beloeil;2 653;"45° 36' 08"" N";"73° 14' 53"" O"
57050;Saint-Marc-sur-Richelieu;2 221;"45° 40' 42"" N";"73° 11' 42"" O"
57057;Saint-Charles-sur-Richelieu;1 744;"45° 41' 01"" N";"73° 11' 15"" O"
57068;Saint-Denis-sur-Richelieu;2 325;"45° 47' 11"" N";"73° 09' 35"" O"
57075;Saint-Antoine-sur-Richelieu;1 711;"45° 47' 01"" N";"73° 10' 33"" O"
58007;Brossard;87 317;"45° 27' 19"" N";"73° 28' 02"" O"
58012;Saint-Lambert;22 214;"45° 30' 06"" N";"73° 30' 48"" O"
58033;Boucherville;42 041;"45° 36' 16"" N";"73° 27' 09"" O"
58037;Saint-Bruno-de-Montarville;26 492;"45° 31' 34"" N";"73° 20' 26"" O"
58227;Longueuil;243 778;"45° 30' 50"" N";"73° 25' 53"" O"
59010;Sainte-Julie;29 786;"45° 35' 16"" N";"73° 19' 34"" O"
59015;Saint-Amable;12 759;"45° 38' 37"" N";"73° 18' 20"" O"
59020;Varennes;21 454;"45° 40' 57"" N";"73° 26' 30"" O"
59025;Verchères;5 778;"45° 46' 34"" N";"73° 21' 28"" O"
59030;Calixa-Lavallée;514;"45° 44' 46"" N";"73° 16' 51"" O"
59035;Contrecoeur;8 725;"45° 51' 27"" N";"73° 14' 22"" O"
60005;Charlemagne;6 108;"45° 43' 16"" N";"73° 29' 14"" O"
60013;Repentigny;84 922;"45° 44' 31"" N";"73° 27' 05"" O"
60020;Saint-Sulpice;3 413;"45° 49' 35"" N";"73° 21' 22"" O"
60028;L'Assomption;23 143;"45° 49' 54"" N";"73° 25' 25"" O"
60037;L'Épiphanie;8 770;"45° 51' 02"" N";"73° 28' 56"" O"
61005;Saint-Paul;6 262;"45° 58' 55"" N";"73° 26' 49"" O"
61013;Crabtree;4 015;"45° 57' 48"" N";"73° 28' 24"" O"
61020;Saint-Pierre;295;"46° 00' 60"" N";"73° 28' 54"" O"
61025;Joliette;20 689;"46° 01' 26"" N";"73° 26' 34"" O"
61027;Saint-Thomas;3 390;"46° 01' 02"" N";"73° 20' 31"" O"
61030;Notre-Dame-des-Prairies;9 427;"46° 02' 37"" N";"73° 25' 49"" O"
61035;Saint-Charles-Borromée;14 173;"46° 02' 47"" N";"73° 27' 24"" O"
61040;Saint-Ambroise-de-Kildare;3 971;"46° 04' 32"" N";"73° 33' 24"" O"
61045;Notre-Dame-de-Lourdes;2 881;"46° 06' 00"" N";"73° 25' 34"" O"
61050;Sainte-Mélanie;3 098;"46° 08' 04"" N";"73° 30' 48"" O"
62007;Saint-Félix-de-Valois;6 568;"46° 09' 19"" N";"73° 25' 55"" O"
62015;Saint-Jean-de-Matha;4 479;"46° 13' 48"" N";"73° 32' 03"" O"
62020;Sainte-Béatrix;2 061;"46° 11' 38"" N";"73° 37' 15"" O"
62025;Saint-Alphonse-Rodriguez;3 241;"46° 11' 11"" N";"73° 41' 23"" O"
62030;Sainte-Marcelline-de-Kildare;1 621;"46° 07' 03"" N";"73° 35' 57"" O"
62037;Rawdon;11 366;"46° 02' 32"" N";"73° 42' 26"" O"
62047;Chertsey;4 764;"46° 04' 28"" N";"73° 53' 21"" O"
62053;Entrelacs;921;"46° 06' 34"" N";"74° 00' 11"" O"
62055;Notre-Dame-de-la-Merci;928;"46° 13' 30"" N";"74° 03' 34"" O"
62060;Saint-Donat;3 917;"46° 19' 04"" N";"74° 13' 15"" O"
62065;Saint-Côme;2 216;"46° 16' 05"" N";"73° 46' 25"" O"
62070;Sainte-Émélie-de-l'Énergie;1 617;"46° 19' 24"" N";"73° 38' 44"" O"
62075;Saint-Damien;2 131;"46° 20' 05"" N";"73° 28' 46"" O"
62080;Saint-Zénon;1 118;"46° 33' 38"" N";"73° 49' 02"" O"
62085;Saint-Michel-des-Saints;2 336;"46° 40' 34"" N";"73° 55' 03"" O"
62802;Manawan;2 112;"47° 13' 14"" N";"74° 23' 21"" O"
62902;Lac-Minaki;0;"46° 51' 11"" N";"73° 29' 34"" O"
62904;Lac-Devenyns;0;"47° 02' 40"" N";"73° 47' 03"" O"
62906;Baie-de-la-Bouteille;5;"46° 54' 00"" N";"73° 51' 60"" O"
62908;Lac-Matawin;10;"46° 53' 49"" N";"74° 16' 27"" O"
62910;Lac-Legendre;0;"46° 40' 24"" N";"74° 18' 48"" O"
62912;Saint-Guillaume-Nord;87;"46° 28' 37"" N";"73° 59' 23"" O"
62914;Lac-des-Dix-Milles;0;"46° 27' 06"" N";"74° 20' 09"" O"
62916;Lac-Santé;0;"46° 37' 36"" N";"74° 28' 46"" O"
62918;Baie-Obaoca;0;"47° 29' 46"" N";"74° 23' 25"" O"
62919;Lac-Cabasta;0;"47° 32' 04"" N";"74° 33' 29"" O"
62920;Baie-Atibenne;0;"47° 17' 01"" N";"74° 24' 14"" O"
62922;Lac-du-Taureau;0;"47° 14' 29"" N";"74° 38' 03"" O"
63005;Sainte-Marie-Salomé;1 204;"45° 55' 55"" N";"73° 29' 49"" O"
63013;Saint-Jacques;4 024;"45° 56' 43"" N";"73° 34' 22"" O"
63023;Saint-Alexis;1 355;"45° 56' 03"" N";"73° 36' 56"" O"
63030;Saint-Esprit;2 021;"45° 53' 54"" N";"73° 39' 56"" O"
63035;Saint-Roch-de-l'Achigan;5 283;"45° 51' 21"" N";"73° 35' 33"" O"
63040;Saint-Roch-Ouest;274;"45° 51' 28"" N";"73° 39' 16"" O"
63048;Saint-Lin--Laurentides;22 169;"45° 51' 05"" N";"73° 45' 21"" O"
63055;Saint-Calixte;6 244;"45° 57' 08"" N";"73° 50' 58"" O"
63060;Sainte-Julienne;10 367;"45° 57' 46"" N";"73° 42' 32"" O"
63065;Saint-Liguori;1 996;"46° 00' 26"" N";"73° 34' 06"" O"
64008;Terrebonne;115 622;"45° 41' 30"" N";"73° 38' 04"" O"
64015;Mascouche;48 313;"45° 44' 43"" N";"73° 36' 08"" O"
65005;Laval;432 858;"45° 33' 06"" N";"73° 44' 43"" O"
66007;Montréal-Est;3 980;"45° 37' 53"" N";"73° 29' 43"" O"
66023;Montréal;1 782 844;"45° 30' 32"" N";"73° 33' 15"" O"
66032;Westmount;20 972;"45° 29' 08"" N";"73° 35' 48"" O"
66047;Montréal-Ouest;5 287;"45° 27' 05"" N";"73° 38' 33"" O"
66058;Côte-Saint-Luc;34 122;"45° 28' 41"" N";"73° 39' 49"" O"
66062;Hampstead;7 246;"45° 28' 43"" N";"73° 38' 02"" O"
66072;Mont-Royal;21 489;"45° 30' 50"" N";"73° 38' 24"" O"
66087;Dorval;19 963;"45° 26' 21"" N";"73° 43' 50"" O"
66092;L'Île-Dorval;5;"45° 25' 56"" N";"73° 44' 30"" O"
66097;Pointe-Claire;32 679;"45° 26' 55"" N";"73° 48' 59"" O"
66102;Kirkland;20 433;"45° 26' 54"" N";"73° 51' 32"" O"
66107;Beaconsfield;19 902;"45° 25' 36"" N";"73° 51' 60"" O"
66112;Baie-D'Urfé;3 938;"45° 24' 30"" N";"73° 54' 56"" O"
66117;Sainte-Anne-de-Bellevue;5 175;"45° 24' 14"" N";"73° 57' 08"" O"
66127;Senneville;968;"45° 24' 49"" N";"73° 57' 35"" O"
66142;Dollard-Des Ormeaux;50 376;"45° 29' 01"" N";"73° 48' 36"" O"
67005;Saint-Mathieu;2 299;"45° 18' 46"" N";"73° 31' 07"" O"
67010;Saint-Philippe;6 877;"45° 21' 40"" N";"73° 28' 48"" O"
67015;La Prairie;25 530;"45° 25' 04"" N";"73° 29' 21"" O"
67020;Candiac;21 852;"45° 23' 41"" N";"73° 31' 11"" O"
67025;Delson;7 878;"45° 22' 33"" N";"73° 32' 30"" O"
67030;Sainte-Catherine;17 202;"45° 24' 19"" N";"73° 34' 18"" O"
67035;Saint-Constant;28 506;"45° 22' 17"" N";"73° 34' 18"" O"
67040;Saint-Isidore;2 642;"45° 18' 00"" N";"73° 40' 50"" O"
67045;Mercier;13 837;"45° 18' 43"" N";"73° 44' 43"" O"
67050;Châteauguay;49 167;"45° 21' 39"" N";"73° 45' 02"" O"
67055;Léry;2 334;"45° 20' 41"" N";"73° 48' 23"" O"
67802;Kahnawake;10 047;"45° 24' 39"" N";"73° 40' 53"" O"
68005;Saint-Bernard-de-Lacolle;1 591;"45° 05' 00"" N";"73° 24' 46"" O"
68010;Hemmingford;794;"45° 02' 46"" N";"73° 35' 18"" O"
68015;Hemmingford;2 001;"45° 03' 15"" N";"73° 35' 06"" O"
68020;Sainte-Clotilde;1 921;"45° 09' 28"" N";"73° 40' 51"" O"
68025;Saint-Patrice-de-Sherrington;2 099;"45° 09' 37"" N";"73° 31' 51"" O"
68030;Napierville;4 106;"45° 11' 19"" N";"73° 24' 12"" O"
68035;Saint-Cyprien-de-Napierville;2 044;"45° 11' 37"" N";"73° 25' 29"" O"
68040;Saint-Jacques-le-Mineur;1 865;"45° 16' 37"" N";"73° 25' 04"" O"
68045;Saint-Édouard;1 374;"45° 14' 25"" N";"73° 30' 42"" O"
68050;Saint-Michel;3 405;"45° 14' 12"" N";"73° 34' 11"" O"
68055;Saint-Rémi;8 661;"45° 15' 33"" N";"73° 36' 51"" O"
69005;Havelock;738;"45° 02' 41"" N";"73° 45' 30"" O"
69010;Franklin;1 679;"45° 01' 45"" N";"73° 55' 27"" O"
69017;Saint-Chrysostome;2 711;"45° 06' 21"" N";"73° 45' 22"" O"
69025;Howick;806;"45° 11' 11"" N";"73° 50' 58"" O"
69030;Très-Saint-Sacrement;1 210;"45° 10' 58"" N";"73° 50' 38"" O"
69037;Ormstown;3 647;"45° 07' 16"" N";"73° 59' 27"" O"
69045;Hinchinbrooke;2 147;"45° 01' 36"" N";"74° 05' 40"" O"
69050;Elgin;402;"45° 01' 17"" N";"74° 15' 50"" O"
69055;Huntingdon;2 474;"45° 05' 14"" N";"74° 10' 31"" O"
69060;Godmanchester;1 407;"45° 05' 28"" N";"74° 11' 26"" O"
69065;Sainte-Barbe;1 353;"45° 09' 44"" N";"74° 11' 47"" O"
69070;Saint-Anicet;2 657;"45° 08' 21"" N";"74° 21' 38"" O"
69075;Dundee;368;"45° 00' 36"" N";"74° 24' 09"" O"
69802;Akwesasne;2 389;"45° 00' 03"" N";"74° 38' 55"" O"
70005;Saint-Urbain-Premier;1 284;"45° 13' 13"" N";"73° 44' 20"" O"
70012;Sainte-Martine;5 587;"45° 14' 56"" N";"73° 47' 52"" O"
70022;Beauharnois;13 266;"45° 18' 47"" N";"73° 52' 41"" O"
70030;Saint-Étienne-de-Beauharnois;909;"45° 14' 30"" N";"73° 55' 18"" O"
70035;Saint-Louis-de-Gonzague;1 605;"45° 12' 53"" N";"73° 59' 54"" O"
70040;Saint-Stanislas-de-Kostka;1 720;"45° 10' 37"" N";"74° 07' 43"" O"
70052;Salaberry-de-Valleyfield;41 697;"45° 15' 19"" N";"74° 07' 54"" O"
71005;Rivière-Beaudette;2 254;"45° 12' 55"" N";"74° 19' 18"" O"
71015;Saint-Télesphore;775;"45° 17' 35"" N";"74° 23' 31"" O"
71020;Saint-Polycarpe;2 307;"45° 18' 06"" N";"74° 18' 15"" O"
71025;Saint-Zotique;8 551;"45° 14' 29"" N";"74° 14' 58"" O"
71033;Les Coteaux;5 391;"45° 15' 39"" N";"74° 12' 14"" O"
71040;Coteau-du-Lac;7 102;"45° 17' 26"" N";"74° 10' 24"" O"
71045;Saint-Clet;1 792;"45° 21' 04"" N";"74° 13' 14"" O"
71050;Les Cèdres;6 975;"45° 18' 19"" N";"74° 03' 14"" O"
71055;Pointe-des-Cascades;1 676;"45° 19' 44"" N";"73° 58' 19"" O"
71060;L'Île-Perrot;11 129;"45° 23' 36"" N";"73° 57' 17"" O"
71065;Notre-Dame-de-l'Île-Perrot;11 002;"45° 20' 60"" N";"73° 54' 11"" O"
71070;Pincourt;14 881;"45° 21' 26"" N";"73° 58' 56"" O"
71075;Terrasse-Vaudreuil;1 974;"45° 23' 28"" N";"73° 59' 13"" O"
71083;Vaudreuil-Dorion;39 794;"45° 24' 13"" N";"74° 02' 12"" O"
71090;Vaudreuil-sur-le-Lac;1 354;"45° 25' 26"" N";"74° 02' 09"" O"
71095;L'Île-Cadieux;128;"45° 25' 46"" N";"74° 01' 35"" O"
71100;Hudson;5 210;"45° 27' 32"" N";"74° 08' 32"" O"
71105;Saint-Lazare;20 682;"45° 23' 57"" N";"74° 08' 28"" O"
71110;Sainte-Marthe;1 044;"45° 24' 26"" N";"74° 18' 11"" O"
71115;Sainte-Justine-de-Newton;957;"45° 22' 24"" N";"74° 24' 14"" O"
71125;Très-Saint-Rédempteur;962;"45° 26' 00"" N";"74° 23' 04"" O"
71133;Rigaud;7 903;"45° 28' 47"" N";"74° 17' 58"" O"
71140;Pointe-Fortune;574;"45° 33' 42"" N";"74° 22' 53"" O"
72005;Saint-Eustache;44 719;"45° 33' 27"" N";"73° 53' 18"" O"
72010;Deux-Montagnes;17 782;"45° 32' 29"" N";"73° 53' 35"" O"
72015;Sainte-Marthe-sur-le-Lac;19 235;"45° 31' 42"" N";"73° 55' 55"" O"
72020;Pointe-Calumet;6 504;"45° 30' 00"" N";"73° 58' 02"" O"
72025;Saint-Joseph-du-Lac;6 902;"45° 32' 03"" N";"74° 00' 26"" O"
72032;Oka;3 877;"45° 27' 35"" N";"74° 05' 24"" O"
72043;Saint-Placide;1 734;"45° 32' 01"" N";"74° 12' 21"" O"
72802;Kanesatake;1 673;"45° 29' 04"" N";"74° 07' 04"" O"
73005;Boisbriand;26 479;"45° 36' 45"" N";"73° 50' 18"" O"
73010;Sainte-Thérèse;26 251;"45° 38' 25"" N";"73° 50' 37"" O"
73015;Blainville;59 756;"45° 40' 46"" N";"73° 52' 26"" O"
73020;Rosemère;13 917;"45° 38' 19"" N";"73° 46' 60"" O"
73025;Lorraine;9 452;"45° 39' 34"" N";"73° 46' 33"" O"
73030;Bois-des-Filion;9 834;"45° 40' 11"" N";"73° 45' 19"" O"
73035;Sainte-Anne-des-Plaines;14 845;"45° 45' 35"" N";"73° 48' 56"" O"
74005;Mirabel;55 189;"45° 39' 51"" N";"74° 00' 07"" O"
75005;Saint-Colomban;16 784;"45° 44' 19"" N";"74° 08' 09"" O"
75017;Saint-Jérôme;77 476;"45° 46' 31"" N";"74° 00' 13"" O"
75028;Sainte-Sophie;16 758;"45° 49' 12"" N";"73° 53' 58"" O"
75040;Prévost;13 269;"45° 51' 29"" N";"74° 04' 12"" O"
75045;Saint-Hippolyte;9 640;"45° 55' 50"" N";"74° 01' 34"" O"
76008;Saint-André-d'Argenteuil;3 015;"45° 33' 35"" N";"74° 19' 56"" O"
76020;Lachute;13 153;"45° 39' 20"" N";"74° 20' 22"" O"
76025;Gore;1 945;"45° 45' 06"" N";"74° 15' 19"" O"
76030;Mille-Isles;1 605;"45° 48' 55"" N";"74° 13' 14"" O"
76035;Wentworth;554;"45° 45' 52"" N";"74° 22' 22"" O"
76043;Brownsburg-Chatham;7 291;"45° 40' 35"" N";"74° 24' 31"" O"
76052;Grenville-sur-la-Rouge;2 807;"45° 39' 04"" N";"74° 37' 58"" O"
76055;Grenville;1 762;"45° 37' 48"" N";"74° 36' 02"" O"
76065;Harrington;842;"45° 49' 42"" N";"74° 32' 53"" O"
77011;Estérel;198;"46° 02' 28"" N";"74° 00' 54"" O"
77012;Sainte-Marguerite-du-Lac-Masson;2 965;"46° 01' 56"" N";"74° 03' 24"" O"
77022;Sainte-Adèle;13 415;"45° 57' 20"" N";"74° 08' 22"" O"
77030;Piedmont;3 083;"45° 53' 56"" N";"74° 07' 55"" O"
77035;Sainte-Anne-des-Lacs;3 661;"45° 51' 38"" N";"74° 07' 41"" O"
77043;Saint-Sauveur;10 614;"45° 53' 46"" N";"74° 09' 13"" O"
77050;Morin-Heights;4 265;"45° 54' 24"" N";"74° 14' 02"" O"
77055;Lac-des-Seize-Îles;162;"45° 55' 29"" N";"74° 28' 16"" O"
77060;Wentworth-Nord;1 398;"45° 50' 51"" N";"74° 27' 28"" O"
77065;Saint-Adolphe-d'Howard;3 548;"45° 58' 11"" N";"74° 20' 09"" O"
78005;Val-Morin;2 932;"46° 00' 24"" N";"74° 11' 19"" O"
78010;Val-David;5 194;"46° 01' 54"" N";"74° 12' 20"" O"
78015;Lantier;870;"46° 08' 59"" N";"74° 15' 06"" O"
78020;Sainte-Lucie-des-Laurentides;1 361;"46° 07' 52"" N";"74° 10' 56"" O"
78032;Sainte-Agathe-des-Monts;10 636;"46° 02' 53"" N";"74° 17' 01"" O"
78042;Ivry-sur-le-Lac;379;"46° 04' 32"" N";"74° 20' 14"" O"
78047;Saint-Faustin--Lac-Carré;3 573;"46° 06' 51"" N";"74° 28' 54"" O"
78050;Barkmere;56;"46° 00' 05"" N";"74° 34' 25"" O"
78055;Montcalm;633;"45° 56' 41"" N";"74° 32' 49"" O"
78060;Arundel;555;"45° 57' 60"" N";"74° 36' 58"" O"
78065;Huberdeau;874;"45° 58' 31"" N";"74° 38' 05"" O"
78070;Amherst;1 478;"46° 00' 39"" N";"74° 45' 48"" O"
78075;Brébeuf;1 015;"46° 04' 28"" N";"74° 40' 21"" O"
78095;Lac-Supérieur;1 889;"46° 10' 59"" N";"74° 28' 29"" O"
78100;Val-des-Lacs;730;"46° 10' 53"" N";"74° 20' 33"" O"
78102;Mont-Tremblant;9 980;"46° 07' 05"" N";"74° 36' 01"" O"
78115;La Conception;1 311;"46° 09' 12"" N";"74° 41' 40"" O"
78120;Labelle;2 418;"46° 16' 46"" N";"74° 44' 06"" O"
78127;Lac-Tremblant-Nord;42;"46° 15' 04"" N";"74° 39' 05"" O"
78130;La Minerve;1 232;"46° 15' 22"" N";"74° 56' 12"" O"
78802;Doncaster;0;"46° 08' 03"" N";"74° 09' 27"" O"
79005;Notre-Dame-du-Laus;1 589;"46° 05' 16"" N";"75° 37' 17"" O"
79010;Notre-Dame-de-Pontmain;790;"46° 17' 11"" N";"75° 38' 01"" O"
79015;Lac-du-Cerf;451;"46° 18' 10"" N";"75° 29' 49"" O"
79022;Saint-Aimé-du-Lac-des-Îles;761;"46° 24' 11"" N";"75° 31' 40"" O"
79025;Kiamika;784;"46° 25' 06"" N";"75° 22' 52"" O"
79030;Nominingue;2 089;"46° 23' 28"" N";"75° 01' 41"" O"
79037;Rivière-Rouge;4 419;"46° 24' 33"" N";"74° 52' 13"" O"
79047;La Macaza;1 100;"46° 22' 16"" N";"74° 46' 21"" O"
79050;L'Ascension;818;"46° 33' 08"" N";"74° 49' 45"" O"
79060;Lac-Saguay;449;"46° 29' 50"" N";"75° 08' 37"" O"
79065;Chute-Saint-Philippe;937;"46° 38' 59"" N";"75° 14' 42"" O"
79078;Lac-des-Écorces;2 787;"46° 33' 24"" N";"75° 20' 51"" O"
79088;Mont-Laurier;14 164;"46° 32' 46"" N";"75° 30' 11"" O"
79097;Ferme-Neuve;2 727;"46° 42' 02"" N";"75° 27' 10"" O"
79105;Lac-Saint-Paul;480;"46° 43' 57"" N";"75° 18' 38"" O"
79110;Mont-Saint-Michel;607;"46° 46' 50"" N";"75° 20' 08"" O"
79115;Sainte-Anne-du-Lac;545;"46° 52' 38"" N";"75° 19' 29"" O"
79902;Lac-de-la-Pomme;0;"47° 11' 14"" N";"74° 30' 49"" O"
79904;Lac-Akonapwehikan;0;"47° 29' 34"" N";"74° 27' 56"" O"
79906;Lac-Wagwabika;0;"47° 36' 29"" N";"74° 39' 24"" O"
79910;Lac-Bazinet;0;"47° 31' 49"" N";"74° 53' 21"" O"
79912;Lac-De La Bidière;0;"47° 22' 43"" N";"74° 58' 27"" O"
79914;Lac-Oscar;0;"47° 10' 40"" N";"75° 02' 08"" O"
79916;Lac-de-la-Maison-de-Pierre;0;"46° 50' 20"" N";"74° 36' 04"" O"
79920;Baie-des-Chaloupes;0;"46° 36' 22"" N";"74° 38' 37"" O"
79922;Lac-Douaire;5;"47° 00' 09"" N";"75° 22' 25"" O"
79924;Lac-Ernest;0;"46° 14' 53"" N";"75° 12' 48"" O"
79926;Lac-Marguerite;0;"47° 00' 42"" N";"75° 56' 27"" O"
80005;Fassett;452;"45° 38' 45"" N";"74° 52' 09"" O"
80010;Montebello;978;"45° 38' 60"" N";"74° 56' 22"" O"
80015;Notre-Dame-de-Bonsecours;303;"45° 40' 14"" N";"74° 59' 01"" O"
80020;Notre-Dame-de-la-Paix;647;"45° 48' 32"" N";"74° 57' 55"" O"
80027;Saint-André-Avellin;3 712;"45° 43' 30"" N";"75° 03' 15"" O"
80037;Papineauville;2 099;"45° 37' 09"" N";"75° 01' 05"" O"
80045;Plaisance;1 105;"45° 36' 26"" N";"75° 06' 44"" O"
80050;Thurso;2 842;"45° 35' 58"" N";"75° 14' 35"" O"
80055;Lochaber;420;"45° 37' 47"" N";"75° 11' 51"" O"
80060;Lochaber-Partie-Ouest;866;"45° 36' 04"" N";"75° 18' 32"" O"
80065;Mayo;632;"45° 39' 47"" N";"75° 20' 39"" O"
80070;Saint-Sixte;480;"45° 41' 58"" N";"75° 12' 30"" O"
80078;Ripon;1 603;"45° 46' 57"" N";"75° 06' 06"" O"
80085;Mulgrave-et-Derry;366;"45° 46' 49"" N";"75° 21' 58"" O"
80090;Montpellier;1 017;"45° 51' 15"" N";"75° 09' 54"" O"
80095;Lac-Simon;971;"45° 54' 28"" N";"75° 05' 37"" O"
80103;Chénéville;769;"45° 53' 02"" N";"75° 03' 17"" O"
80110;Namur;574;"45° 53' 43"" N";"74° 55' 42"" O"
80115;Boileau;337;"45° 54' 03"" N";"74° 46' 30"" O"
80125;Saint-Émile-de-Suffolk;476;"45° 55' 30"" N";"74° 54' 48"" O"
80130;Lac-des-Plages;439;"45° 59' 52"" N";"74° 53' 12"" O"
80135;Duhamel;431;"46° 01' 30"" N";"75° 04' 45"" O"
80140;Val-des-Bois;854;"45° 54' 56"" N";"75° 35' 33"" O"
80145;Bowman;657;"45° 52' 50"" N";"75° 38' 07"" O"
81017;Gatineau;282 596;"45° 25' 40"" N";"75° 42' 40"" O"
82005;L'Ange-Gardien;5 696;"45° 36' 35"" N";"75° 23' 43"" O"
82010;Notre-Dame-de-la-Salette;764;"45° 45' 59"" N";"75° 34' 58"" O"
82015;Val-des-Monts;12 054;"45° 39' 54"" N";"75° 44' 03"" O"
82020;Cantley;11 089;"45° 33' 03"" N";"75° 47' 02"" O"
82025;Chelsea;6 973;"45° 30' 15"" N";"75° 47' 40"" O"
82030;Pontiac;5 900;"45° 31' 43"" N";"76° 00' 05"" O"
82035;La Pêche;8 036;"45° 38' 31"" N";"76° 02' 18"" O"
83005;Denholm;496;"45° 48' 43"" N";"75° 45' 39"" O"
83010;Low;1 026;"45° 48' 34"" N";"75° 56' 56"" O"
83015;Kazabazua;970;"45° 57' 03"" N";"76° 00' 46"" O"
83020;Lac-Sainte-Marie;586;"45° 56' 58"" N";"75° 56' 44"" O"
83032;Gracefield;2 423;"46° 04' 54"" N";"76° 03' 37"" O"
83040;Cayamant;814;"46° 08' 09"" N";"76° 14' 44"" O"
83045;Blue Sea;635;"46° 10' 57"" N";"76° 03' 34"" O"
83050;Bouchette;690;"46° 12' 10"" N";"75° 57' 27"" O"
83055;Sainte-Thérèse-de-la-Gatineau;552;"46° 18' 06"" N";"75° 52' 01"" O"
83060;Messines;1 598;"46° 14' 30"" N";"76° 01' 18"" O"
83065;Maniwaki;3 831;"46° 22' 28"" N";"75° 58' 55"" O"
83070;Déléage;1 861;"46° 22' 58"" N";"75° 55' 53"" O"
83075;Egan-Sud;506;"46° 24' 34"" N";"75° 58' 56"" O"
83085;Bois-Franc;417;"46° 30' 09"" N";"75° 58' 52"" O"
83088;Montcerf-Lytton;632;"46° 32' 21"" N";"76° 02' 34"" O"
83090;Aumond;751;"46° 28' 01"" N";"75° 53' 48"" O"
83095;Grand-Remous;1 168;"46° 36' 27"" N";"75° 54' 12"" O"
83802;Kitigan Zibi;1 204;"46° 22' 08"" N";"75° 58' 28"" O"
83804;Lac-Rapide;329;"47° 15' 22"" N";"76° 42' 27"" O"
83902;Lac-Pythonga;0;"46° 55' 13"" N";"76° 31' 54"" O"
83904;Cascades-Malignes;0;"46° 49' 27"" N";"76° 02' 16"" O"
83906;Lac-Lenôtre;0;"47° 27' 40"" N";"75° 59' 24"" O"
83908;Lac-Moselle;0;"47° 34' 17"" N";"75° 41' 36"" O"
83912;Dépôt-Échouani;0;"47° 42' 22"" N";"75° 33' 07"" O"
84005;Bristol;1 022;"45° 31' 55"" N";"76° 22' 29"" O"
84010;Shawville;1 572;"45° 36' 13"" N";"76° 29' 30"" O"
84015;Clarendon;1 250;"45° 35' 54"" N";"76° 29' 29"" O"
84020;Portage-du-Fort;215;"45° 35' 33"" N";"76° 39' 57"" O"
84025;Bryson;698;"45° 40' 41"" N";"76° 37' 21"" O"
84030;Campbell's Bay;731;"45° 43' 59"" N";"76° 35' 45"" O"
84035;L'Île-du-Grand-Calumet;641;"45° 43' 08"" N";"76° 36' 41"" O"
84040;Litchfield;458;"45° 47' 31"" N";"76° 37' 19"" O"
84045;Thorne;461;"45° 45' 42"" N";"76° 23' 07"" O"
84050;Alleyn-et-Cawood;167;"45° 55' 31"" N";"76° 09' 30"" O"
84055;Otter Lake;932;"45° 51' 08"" N";"76° 25' 59"" O"
84060;Fort-Coulonge;1 404;"45° 50' 24"" N";"76° 44' 02"" O"
84065;Mansfield-et-Pontefract;2 334;"45° 51' 40"" N";"76° 44' 21"" O"
84070;Waltham;376;"45° 54' 36"" N";"76° 54' 44"" O"
84082;L'Isle-aux-Allumettes;1 323;"45° 54' 38"" N";"77° 04' 22"" O"
84090;Chichester;347;"45° 56' 02"" N";"77° 07' 10"" O"
84095;Sheenboro;117;"45° 58' 10"" N";"77° 13' 55"" O"
84100;Rapides-des-Joachims;150;"46° 11' 52"" N";"77° 41' 22"" O"
84902;Lac-Nilgaut;5;"46° 38' 50"" N";"77° 10' 07"" O"
85005;Témiscaming;2 408;"46° 43' 20"" N";"79° 05' 34"" O"
85010;Kipawa;500;"46° 44' 56"" N";"79° 03' 03"" O"
85015;Saint-Édouard-de-Fabre;621;"47° 11' 53"" N";"79° 22' 00"" O"
85020;Béarn;711;"47° 17' 35"" N";"79° 19' 33"" O"
85025;Ville-Marie;2 553;"47° 19' 44"" N";"79° 26' 15"" O"
85030;Duhamel-Ouest;874;"47° 18' 50"" N";"79° 26' 14"" O"
85037;Lorrainville;1 248;"47° 21' 10"" N";"79° 21' 11"" O"
85045;Saint-Bruno-de-Guigues;1 140;"47° 27' 50"" N";"79° 26' 17"" O"
85052;Laverlochère-Angliers;975;"47° 25' 33"" N";"79° 18' 33"" O"
85055;Fugèreville;331;"47° 23' 49"" N";"79° 12' 01"" O"
85060;Latulipe-et-Gaboury;292;"47° 25' 40"" N";"79° 01' 55"" O"
85065;Belleterre;305;"47° 23' 21"" N";"78° 42' 12"" O"
85070;Laforce;238;"47° 32' 11"" N";"78° 43' 36"" O"
85075;Moffet;195;"47° 32' 34"" N";"78° 57' 06"" O"
85085;Saint-Eugène-de-Guigues;474;"47° 30' 42"" N";"79° 21' 10"" O"
85090;Notre-Dame-du-Nord;1 028;"47° 35' 54"" N";"79° 28' 55"" O"
85095;Guérin;324;"47° 39' 27"" N";"79° 19' 00"" O"
85100;Nédélec;341;"47° 41' 30"" N";"79° 25' 37"" O"
85105;Rémigny;270;"47° 45' 44"" N";"79° 12' 32"" O"
85802;Kebaowek;281;"46° 47' 09"" N";"78° 59' 01"" O"
85803;Hunter's Point;10;"46° 59' 37"" N";"78° 48' 14"" O"
85804;Winneway;108;"47° 34' 53"" N";"78° 34' 24"" O"
85806;Timiskaming;524;"47° 36' 26"" N";"79° 28' 15"" O"
85905;Laniel;80;"47° 00' 48"" N";"79° 12' 21"" O"
85907;Les Lacs-du-Témiscamingue;15;"46° 58' 10"" N";"78° 15' 35"" O"
86042;Rouyn-Noranda;42 889;"48° 14' 15"" N";"79° 01' 02"" O"
87005;Duparquet;688;"48° 30' 22"" N";"79° 13' 49"" O"
87010;Rapide-Danseur;338;"48° 33' 03"" N";"79° 18' 05"" O"
87015;Roquemaure;405;"48° 36' 17"" N";"79° 24' 14"" O"
87020;Gallichan;484;"48° 36' 11"" N";"79° 17' 56"" O"
87025;Palmarolle;1 414;"48° 39' 38"" N";"79° 12' 03"" O"
87030;Sainte-Germaine-Boulé;976;"48° 36' 13"" N";"79° 06' 54"" O"
87035;Poularies;700;"48° 39' 44"" N";"78° 59' 05"" O"
87042;Taschereau;946;"48° 39' 45"" N";"78° 41' 02"" O"
87050;Authier;279;"48° 43' 47"" N";"78° 51' 25"" O"
87058;Macamic;2 733;"48° 45' 18"" N";"79° 00' 06"" O"
87070;Sainte-Hélène-de-Mancebourg;382;"48° 44' 58"" N";"79° 17' 50"" O"
87075;Clerval;371;"48° 44' 57"" N";"79° 26' 17"" O"
87080;La Reine;343;"48° 52' 06"" N";"79° 30' 21"" O"
87085;Dupuy;920;"48° 49' 44"" N";"79° 21' 27"" O"
87090;La Sarre;7 287;"48° 48' 25"" N";"79° 12' 17"" O"
87095;Chazel;291;"48° 51' 51"" N";"79° 03' 18"" O"
87100;Authier-Nord;291;"48° 50' 19"" N";"78° 51' 42"" O"
87105;Val-Saint-Gilles;165;"48° 58' 54"" N";"79° 07' 10"" O"
87110;Clermont;496;"48° 55' 22"" N";"79° 15' 17"" O"
87115;Normétal;796;"48° 59' 42"" N";"79° 21' 47"" O"
87120;Saint-Lambert;195;"48° 57' 11"" N";"79° 27' 31"" O"
87902;Lac-Duparquet;0;"48° 28' 01"" N";"79° 24' 31"" O"
87904;Rivière-Ojima;89;"48° 48' 27"" N";"78° 41' 45"" O"
88005;Champneuf;127;"48° 35' 18"" N";"77° 29' 54"" O"
88010;Rochebaucourt;130;"48° 40' 33"" N";"77° 29' 48"" O"
88015;La Morandière;211;"48° 36' 57"" N";"77° 38' 15"" O"
88022;Barraute;1 989;"48° 26' 18"" N";"77° 37' 59"" O"
88030;La Corne;746;"48° 21' 27"" N";"77° 59' 48"" O"
88035;Landrienne;948;"48° 32' 50"" N";"77° 56' 57"" O"
88040;Saint-Marc-de-Figuery;845;"48° 28' 26"" N";"78° 02' 51"" O"
88045;La Motte;451;"48° 19' 41"" N";"78° 06' 37"" O"
88050;Saint-Mathieu-d'Harricana;771;"48° 28' 23"" N";"78° 08' 23"" O"
88055;Amos;12 865;"48° 33' 53"" N";"78° 06' 45"" O"
88060;Saint-Félix-de-Dalquier;932;"48° 40' 24"" N";"78° 06' 32"" O"
88065;Saint-Dominique-du-Rosaire;440;"48° 45' 50"" N";"78° 06' 53"" O"
88070;Berry;544;"48° 43' 09"" N";"78° 15' 14"" O"
88075;Trécesson;1 242;"48° 37' 42"" N";"78° 21' 42"" O"
88080;Launay;224;"48° 38' 38"" N";"78° 31' 54"" O"
88085;Sainte-Gertrude-Manneville;790;"48° 31' 05"" N";"78° 18' 32"" O"
88090;Preissac;873;"48° 24' 28"" N";"78° 21' 59"" O"
88802;Pikogan;542;"48° 35' 51"" N";"78° 07' 12"" O"
88902;Lac-Despinassy;10;"48° 48' 50"" N";"77° 27' 07"" O"
88904;Lac-Chicobi;138;"48° 46' 42"" N";"78° 30' 32"" O"
89008;Val-d'Or;32 788;"48° 06' 07"" N";"77° 47' 22"" O"
89010;Rivière-Héva;1 458;"48° 14' 16"" N";"78° 12' 60"" O"
89015;Malartic;3 247;"48° 08' 11"" N";"78° 07' 39"" O"
89040;Senneterre;2 790;"48° 23' 25"" N";"77° 14' 26"" O"
89045;Senneterre;1 166;"48° 21' 01"" N";"77° 16' 42"" O"
89050;Belcourt;219;"48° 24' 02"" N";"77° 21' 17"" O"
89802;Kitcisakik;264;"47° 32' 24"" N";"77° 27' 31"" O"
89804;Lac-Simon;1 434;"48° 03' 29"" N";"77° 21' 12"" O"
89902;Matchi-Manitou;0;"47° 55' 09"" N";"76° 45' 15"" O"
89908;Lac-Metei;0;"47° 49' 03"" N";"76° 49' 47"" O"
89910;Réservoir-Dozois;0;"47° 29' 31"" N";"77° 11' 19"" O"
89912;Lac-Granet;0;"47° 47' 07"" N";"77° 28' 03"" O"
90012;La Tuque;10 988;"47° 26' 27"" N";"72° 46' 53"" O"
90017;La Bostonnais;618;"47° 31' 17"" N";"72° 40' 58"" O"
90027;Lac-Édouard;184;"47° 39' 35"" N";"72° 16' 18"" O"
90801;Coucoucache;0;"47° 45' 08"" N";"73° 13' 53"" O"
90802;Wemotaci;1 262;"47° 54' 10"" N";"73° 47' 08"" O"
90804;Obedjiwan;2 035;"48° 39' 29"" N";"74° 56' 16"" O"
91005;Lac-Bouchette;1 159;"48° 15' 28"" N";"72° 11' 06"" O"
91010;Saint-André-du-Lac-Saint-Jean;476;"48° 18' 55"" N";"71° 59' 17"" O"
91015;Saint-François-de-Sales;638;"48° 19' 42"" N";"72° 07' 57"" O"
91020;Chambord;1 752;"48° 25' 47"" N";"72° 03' 46"" O"
91025;Roberval;9 914;"48° 31' 06"" N";"72° 13' 20"" O"
91030;Sainte-Hedwidge;866;"48° 28' 55"" N";"72° 21' 43"" O"
91035;Saint-Prime;2 728;"48° 35' 35"" N";"72° 20' 11"" O"
91042;Saint-Félicien;10 217;"48° 39' 10"" N";"72° 26' 48"" O"
91050;La Doré;1 386;"48° 42' 50"" N";"72° 38' 58"" O"
91802;Mashteuiatsh;1 981;"48° 34' 38"" N";"72° 13' 46"" O"
91902;Lac-Ashuapmushuan;36;"48° 56' 51"" N";"73° 25' 34"" O"
92005;Saint-Augustin;347;"48° 48' 18"" N";"71° 56' 34"" O"
92010;Péribonka;496;"48° 45' 57"" N";"72° 02' 59"" O"
92015;Sainte-Jeanne-d'Arc;1 049;"48° 51' 28"" N";"72° 05' 35"" O"
92022;Dolbeau-Mistassini;14 130;"48° 52' 35"" N";"72° 13' 33"" O"
92030;Albanel;2 246;"48° 52' 59"" N";"72° 26' 30"" O"
92040;Normandin;3 048;"48° 50' 09"" N";"72° 31' 46"" O"
92045;Saint-Thomas-Didyme;676;"48° 54' 30"" N";"72° 39' 55"" O"
92050;Saint-Edmond-les-Plaines;372;"48° 54' 19"" N";"72° 33' 04"" O"
92055;Girardville;1 016;"49° 00' 10"" N";"72° 32' 49"" O"
92060;Notre-Dame-de-Lorette;183;"49° 04' 41"" N";"72° 21' 29"" O"
92065;Saint-Eugène-d'Argentenay;467;"48° 58' 40"" N";"72° 17' 10"" O"
92070;Saint-Stanislas;369;"49° 00' 19"" N";"72° 10' 37"" O"
92902;Passes-Dangereuses;185;"50° 21' 18"" N";"71° 35' 29"" O"
92904;Rivière-Mistassini;50;"49° 59' 04"" N";"72° 50' 27"" O"
93005;Desbiens;1 035;"48° 25' 06"" N";"71° 57' 01"" O"
93012;Métabetchouan--Lac-à-la-Croix;3 909;"48° 25' 41"" N";"71° 52' 18"" O"
93020;Hébertville;2 566;"48° 23' 41"" N";"71° 40' 40"" O"
93025;Hébertville-Station;1 314;"48° 26' 38"" N";"71° 39' 49"" O"
93030;Saint-Bruno;2 936;"48° 28' 14"" N";"71° 39' 10"" O"
93035;Saint-Gédéon;2 154;"48° 29' 43"" N";"71° 46' 31"" O"
93042;Alma;30 711;"48° 32' 59"" N";"71° 39' 12"" O"
93045;Saint-Nazaire;2 039;"48° 35' 17"" N";"71° 33' 00"" O"
93055;Labrecque;1 322;"48° 40' 30"" N";"71° 31' 29"" O"
93060;Lamarche;500;"48° 47' 27"" N";"71° 25' 35"" O"
93065;L'Ascension-de-Notre-Seigneur;2 011;"48° 41' 31"" N";"71° 40' 13"" O"
93070;Saint-Henri-de-Taillon;870;"48° 39' 51"" N";"71° 49' 24"" O"
93075;Sainte-Monique;868;"48° 44' 33"" N";"71° 51' 01"" O"
93080;Saint-Ludger-de-Milot;640;"48° 53' 49"" N";"71° 49' 17"" O"
93902;Mont-Apica;0;"47° 58' 22"" N";"71° 24' 32"" O"
93904;Lac-Moncouche;0;"47° 58' 26"" N";"71° 45' 53"" O"
93906;Lac-Achouakan;0;"48° 04' 23"" N";"71° 35' 02"" O"
93908;Belle-Rivière;0;"48° 08' 31"" N";"71° 49' 43"" O"
94068;Saguenay;146 519;"48° 25' 40"" N";"71° 03' 46"" O"
94205;Petit-Saguenay;633;"48° 12' 58"" N";"70° 04' 39"" O"
94210;L'Anse-Saint-Jean;1 212;"48° 14' 02"" N";"70° 12' 23"" O"
94215;Rivière-Éternité;422;"48° 15' 19"" N";"70° 24' 50"" O"
94220;Ferland-et-Boilleau;551;"48° 10' 54"" N";"70° 50' 44"" O"
94225;Saint-Félix-d'Otis;994;"48° 16' 21"" N";"70° 37' 28"" O"
94230;Sainte-Rose-du-Nord;425;"48° 23' 18"" N";"70° 35' 06"" O"
94235;Saint-Fulgence;2 120;"48° 26' 60"" N";"70° 54' 09"" O"
94240;Saint-Honoré;6 012;"48° 32' 05"" N";"71° 05' 11"" O"
94245;Saint-David-de-Falardeau;2 864;"48° 37' 14"" N";"71° 06' 40"" O"
94250;Bégin;823;"48° 40' 33"" N";"71° 21' 36"" O"
94255;Saint-Ambroise;3 868;"48° 33' 14"" N";"71° 19' 18"" O"
94260;Saint-Charles-de-Bourget;766;"48° 31' 03"" N";"71° 23' 52"" O"
94265;Larouche;1 534;"48° 26' 53"" N";"71° 31' 56"" O"
94926;Lalemant;0;"48° 03' 15"" N";"70° 38' 09"" O"
94928;Lac-Ministuk;1;"48° 09' 47"" N";"71° 15' 03"" O"
94930;Mont-Valin;0;"50° 29' 15"" N";"70° 41' 33"" O"
95005;Tadoussac;781;"48° 08' 36"" N";"69° 43' 08"" O"
95010;Sacré-Coeur;1 802;"48° 13' 59"" N";"69° 48' 04"" O"
95018;Les Bergeronnes;648;"48° 14' 34"" N";"69° 32' 44"" O"
95025;Les Escoumins;1 845;"48° 21' 05"" N";"69° 24' 27"" O"
95032;Longue-Rive;967;"48° 33' 59"" N";"69° 14' 03"" O"
95040;Portneuf-sur-Mer;622;"48° 37' 05"" N";"69° 06' 06"" O"
95045;Forestville;2 971;"48° 44' 18"" N";"69° 04' 37"" O"
95050;Colombier;663;"48° 52' 20"" N";"68° 50' 50"" O"
95802;Essipit;289;"48° 20' 36"" N";"69° 23' 55"" O"
95902;Lac-au-Brochet;5;"49° 08' 53"" N";"69° 29' 04"" O"
96005;Baie-Trinité;382;"49° 24' 56"" N";"67° 18' 36"" O"
96010;Godbout;251;"49° 19' 28"" N";"67° 35' 32"" O"
96015;Franquelin;300;"49° 17' 36"" N";"67° 53' 36"" O"
96020;Baie-Comeau;21 195;"49° 13' 15"" N";"68° 08' 57"" O"
96025;Pointe-Lebel;1 888;"49° 09' 36"" N";"68° 14' 54"" O"
96030;Pointe-aux-Outardes;1 326;"49° 04' 47"" N";"68° 24' 05"" O"
96035;Chute-aux-Outardes;1 506;"49° 07' 24"" N";"68° 23' 26"" O"
96040;Ragueneau;1 322;"49° 04' 26"" N";"68° 27' 56"" O"
96802;Pessamit;2 282;"48° 56' 18"" N";"68° 38' 17"" O"
96902;Rivière-aux-Outardes;88;"50° 21' 59"" N";"68° 45' 57"" O"
97007;Sept-Îles;25 255;"50° 12' 35"" N";"66° 23' 07"" O"
97022;Port-Cartier;6 629;"50° 01' 08"" N";"66° 52' 32"" O"
97035;Fermont;2 386;"52° 47' 51"" N";"67° 05' 25"" O"
97040;Schefferville;155;"54° 48' 02"" N";"66° 49' 16"" O"
97802;Uashat;1 604;"50° 13' 16"" N";"66° 24' 11"" O"
97804;Maliotenam;1 509;"50° 12' 50"" N";"66° 11' 55"" O"
97806;Kawawachikamach;630;"54° 51' 45"" N";"66° 45' 37"" O"
97808;Matimekosh;606;"54° 48' 19"" N";"66° 48' 45"" O"
97810;Lac-John;32;"54° 48' 46"" N";"66° 47' 05"" O"
97902;Rivière-Nipissis;0;"51° 22' 22"" N";"65° 58' 16"" O"
97904;Lac-Walker;100;"50° 47' 22"" N";"67° 02' 05"" O"
97906;Rivière-Mouchalagane;5;"52° 16' 37"" N";"68° 12' 59"" O"
97908;Caniapiscau;0;"53° 56' 55"" N";"68° 34' 04"" O"
97912;Lac-Juillet;0;"54° 51' 51"" N";"64° 14' 34"" O"
97914;Lac-Vacher;0;"54° 52' 45"" N";"66° 53' 27"" O"
98005;Blanc-Sablon;1 088;"51° 25' 03"" N";"57° 11' 07"" O"
98010;Bonne-Espérance;664;"51° 28' 32"" N";"57° 42' 24"" O"
98012;Saint-Augustin;431;"51° 13' 55"" N";"58° 38' 26"" O"
98014;Gros-Mécatina;432;"50° 48' 27"" N";"58° 59' 23"" O"
98015;Côte-Nord-du-Golfe-du-Saint-Laurent;838;"50° 28' 07"" N";"59° 36' 58"" O"
98020;L'Île-d'Anticosti;197;"49° 49' 08"" N";"64° 20' 53"" O"
98025;Natashquan;269;"50° 11' 10"" N";"61° 49' 20"" O"
98030;Aguanish;243;"50° 13' 40"" N";"62° 02' 18"" O"
98035;Baie-Johan-Beetz;85;"50° 18' 08"" N";"62° 45' 53"" O"
98040;Havre-Saint-Pierre;3 387;"50° 14' 42"" N";"63° 35' 49"" O"
98045;Longue-Pointe-de-Mingan;434;"50° 16' 10"" N";"64° 08' 34"" O"
98050;Rivière-Saint-Jean;218;"50° 17' 23"" N";"64° 20' 18"" O"
98055;Rivière-au-Tonnerre;268;"50° 16' 34"" N";"64° 46' 31"" O"
98802;Pakuashipi;229;"51° 13' 33"" N";"58° 40' 14"" O"
98804;La Romaine;983;"50° 12' 57"" N";"60° 40' 08"" O"
98806;Nutashkuan;853;"50° 08' 02"" N";"61° 48' 14"" O"
98808;Mingan;550;"50° 17' 29"" N";"64° 01' 46"" O"
98904;Lac-Jérôme;0;"51° 30' 35"" N";"63° 31' 17"" O"
98912;Petit-Mécatina;0;"51° 33' 18"" N";"59° 41' 58"" O"
99005;Lebel-sur-Quévillon;2 210;"49° 03' 09"" N";"76° 58' 34"" O"
99010;Waswanipi;0;"49° 43' 28"" N";"75° 58' 27"" O"
99015;Matagami;1 435;"49° 45' 30"" N";"77° 37' 18"" O"
99020;Chapais;1 630;"49° 46' 54"" N";"74° 51' 13"" O"
99025;Chibougamau;7 586;"49° 54' 48"" N";"74° 22' 07"" O"
99030;Mistissini;0;"50° 19' 32"" N";"74° 01' 06"" O"
99035;Waskaganish;0;"51° 11' 51"" N";"78° 46' 36"" O"
99040;Nemaska;0;"51° 42' 57"" N";"76° 20' 27"" O"
99045;Eastmain;0;"52° 08' 35"" N";"78° 05' 02"" O"
99050;Wemindji;0;"52° 58' 09"" N";"78° 37' 24"" O"
99055;Chisasibi;0;"53° 36' 31"" N";"78° 21' 23"" O"
99060;Gouvernement régional d'Eeyou Istchee Baie-James;1 066;"52° 13' 35"" N";"75° 00' 51"" O"
99065;Kawawachikamach;0;"55° 11' 27"" N";"66° 52' 20"" O"
99070;Whapmagoostui;0;"55° 14' 43"" N";"77° 44' 32"" O"
99075;Kuujjuarapik;707;"55° 16' 24"" N";"77° 45' 37"" O"
99080;Umiujaq;470;"56° 32' 10"" N";"76° 31' 06"" O"
99085;Inukjuak;1 839;"58° 28' 18"" N";"78° 04' 39"" O"
99090;Kangiqsualujjuaq;989;"58° 42' 41"" N";"65° 59' 34"" O"
99095;Kuujjuaq;2 786;"58° 06' 27"" N";"68° 24' 13"" O"
99100;Tasiujaq;389;"58° 40' 46"" N";"69° 52' 48"" O"
99105;Aupaluk;216;"59° 18' 13"" N";"69° 35' 59"" O"
99110;Kangirsuk;585;"60° 01' 09"" N";"70° 01' 40"" O"
99115;Quaqtaq;424;"61° 02' 45"" N";"69° 37' 06"" O"
99120;Puvirnituq;1 872;"60° 03' 02"" N";"77° 17' 14"" O"
99125;Akulivik;664;"60° 49' 07"" N";"78° 08' 55"" O"
99130;Kangiqsujuaq;790;"61° 35' 55"" N";"71° 57' 14"" O"
99135;Salluit;1 596;"62° 12' 07"" N";"75° 38' 28"" O"
99140;Ivujivik;450;"62° 25' 03"" N";"77° 55' 32"" O"
99802;Waswanipi;1 783;"49° 42' 08"" N";"75° 57' 26"" O"
99804;Mistissini;3 662;"50° 24' 54"" N";"73° 51' 52"" O"
99806;Waskaganish;2 256;"51° 29' 15"" N";"78° 45' 00"" O"
99808;Nemaska;810;"51° 41' 30"" N";"76° 15' 02"" O"
99810;Eastmain;931;"52° 13' 33"" N";"78° 31' 21"" O"
99812;Wemindji;1 486;"53° 00' 15"" N";"78° 48' 28"" O"
99814;Chisasibi;5 115;"53° 39' 19"" N";"78° 47' 52"" O"
99816;Whapmagoostui;1 021;"55° 12' 02"" N";"77° 20' 45"" O"
99818;Oujé-Bougoumou;790;"49° 55' 26"" N";"74° 49' 15"" O"
99877;Kuujjuarapik;0;"56° 16' 60"" N";"76° 30' 48"" O"
99878;Umiujaq;0;"56° 27' 48"" N";"76° 29' 08"" O"
99879;Inukjuak;0;"58° 35' 22"" N";"78° 16' 33"" O"
99883;Akulivik;0;"60° 53' 24"" N";"77° 46' 05"" O"
99885;Ivujivik;0;"62° 24' 26"" N";"77° 40' 21"" O"
99887;Salluit;0;"62° 07' 52"" N";"75° 38' 18"" O"
99888;Kangiqsujuaq;0;"61° 33' 08"" N";"72° 05' 53"" O"
99889;Quaqtaq;0;"60° 53' 10"" N";"69° 34' 23"" O"
99890;Kangirsuk;0;"60° 04' 41"" N";"70° 11' 31"" O"
99891;Aupaluk;0;"59° 10' 53"" N";"69° 59' 29"" O"
99892;Tasiujaq;0;"58° 40' 04"" N";"69° 57' 23"" O"
99893;Kuujjuaq;0;"58° 19' 50"" N";"68° 19' 05"" O"
99894;Kangiqsualujjuaq;0;"58° 43' 19"" N";"65° 50' 12"" O"
99902;Rivière-Koksoak;0;"58° 19' 02"" N";"69° 23' 31"" O"
99904;Baie-d'Hudson;0;"58° 43' 22"" N";"76° 02' 30"" O"
99910;Toponyme à venir;0;"50° 10' 29"" N";"76° 17' 25"" O"
99914;Toponyme à venir;0;"51° 41' 04"" N";"73° 17' 06"" O"
99916;Toponyme à venir;0;"51° 07' 46"" N";"78° 19' 52"" O"
99918;Toponyme à venir;0;"51° 49' 41"" N";"75° 44' 20"" O"
99920;Toponyme à venir;0;"52° 11' 49"" N";"77° 31' 24"" O"
99922;Toponyme à venir;0;"52° 55' 32"" N";"78° 05' 14"" O"
99924;Toponyme à venir;0;"54° 17' 35"" N";"78° 06' 60"" O"
